run,key,policy,bot,seed,calling,weapon,art,tier,people,oath,level,won,win_min,died,minutes,killer,kills,ember,cards,low_hp,boss_ttk,boss_left,quaffs,greats,ember_curve,alive_curve,hp_curve,build
0,warden/first/t1/pack/s1031/w0,first,plain,1031,warden,0,0,1,pack,none,1,1,30.46,0,32.00,,34221,57,63,0.760,27.8,,0,grounding iron_vow,5 11 14 16 19 21 23 25 26 28 30 31 33 35 36 38 39 41 42 43 45 46 47 48 49 51 52 53 54 55 56 57,39 50 55 45 61 82 88 79 85 88 100 105 110 106 112 115 130 114 134 138 154 156 179 158 166 160 181 213 179 190 240 208,0.92 0.95 0.93 0.94 0.89 0.83 0.94 0.92 0.92 0.90 0.76 0.88 0.88 0.87 0.91 0.91 0.92 0.90 0.88 0.92 0.87 0.94 0.92 0.89 0.94 0.90 0.94 0.90 0.91 0.88 0.86 0.88,graveedge8 volley8 hailwheel8 thousand_cuts8 butchers_wheel8 | grounding2 blood_scent1 butchers_mark1 chilling3 frostbite1 serration4 iron_vow1 soul_harvest1 might1
1,warden/first/t1/pack/s8950/w1,first,plain,8950,warden,1,0,1,pack,none,1,1,30.24,0,32.00,,34589,57,63,0.907,14.2,,0,from_the_ashes from_the_ashes,4 6 10 14 16 17 20 21 24 25 27 29 31 32 34 36 38 39 40 41 43 45 46 47 49 50 52 53 54 55 56 57,41 44 55 63 62 73 83 89 83 97 94 102 101 96 104 134 121 138 147 133 151 148 155 161 178 191 190 233 204 178 198 220,0.94 0.91 0.98 0.97 0.95 0.94 0.94 0.94 0.94 0.94 0.91 0.93 0.94 0.93 0.93 0.97 1.00 1.00 1.00 1.00 1.00 1.00 1.00 1.00 1.00 1.00 1.00 1.00 1.00 1.00 1.00 1.00,aegis_wheel8 cinderfall8 moonbrand8 bone_knights8 deathcoil8 steel_flurry8 | from_the_ashes3 grave_call1 pack_leader1 searing4 pyre_burst1 fleetfoot1 duplicity2 ironhide3 blood_scent1 greed1
2,warden/first/t1/dead/s1034/w0,first,plain,1034,warden,0,0,1,dead,none,1,0,,1,25.67,risen_archer,15027,35,40,0.195,,,3,grounding from_the_ashes,5 7 8 9 11 12 14 15 16 18 19 20 21 23 24 25 26 27 29 30 31 31 33 34 35,32 44 47 57 65 89 81 93 96 83 125 121 136 141 149 152 165 178 178 167 200 198 218 218 171,0.79 0.72 0.98 0.97 0.96 0.97 0.89 0.92 0.92 0.93 0.37 0.90 0.93 0.91 0.81 0.92 0.92 0.96 0.94 0.93 0.32 0.30 0.22 0.93 0.19,oathblade7 hoarfrost8 arcweb4 hallowed_ring6 butchers_wheel8 cleaver2 | grounding1 storm_caller1 blood_scent1 consecration1 from_the_ashes1 might1 ferocity1 sanctify1
3,warden/first/t1/dead/s8953/w1,first,plain,8953,warden,1,0,1,dead,none,1,1,30.65,0,32.00,,23577,44,49,0.698,39.2,,0,bloodthirst bloodthirst,5 7 8 8 11 13 14 16 17 18 20 21 22 24 25 26 28 29 30 31 32 33 35 36 37 38 39 39 41 42 43 44,37 41 46 63 66 86 84 92 103 103 119 124 133 132 148 160 167 164 185 138 197 201 185 204 162 231 223 232 259 227 257 245,1.00 1.00 1.00 0.97 0.96 0.96 0.97 0.93 0.96 0.93 0.94 0.94 0.94 0.94 0.93 0.96 0.96 0.96 0.96 0.92 0.80 0.70 0.96 1.00 1.00 1.00 1.00 1.00 1.00 1.00 1.00 1.00,aegis_wheel8 seeking_motes8 glacier_spear8 absolute_zero8 iron_palms7 dawnpulse5 | bloodthirst3 deep_chill1 sanctify1 consecration1 velocity2 chilling2 ironhide1 precision1
4,warden/first/t1/lamplings/s1037/w0,first,plain,1037,warden,0,0,1,lamplings,none,1,1,30.92,0,32.00,,35637,46,52,0.784,54.9,,0,iron_vow from_the_ashes,6 8 11 13 14 15 17 19 20 21 23 24 25 27 28 29 30 32 33 34 35 36 38 39 40 40 42 43 44 45 45 46,35 43 49 52 59 71 67 74 74 82 120 103 101 107 106 131 126 134 137 139 165 148 161 186 161 171 210 173 195 249 218 205,1.00 1.00 1.00 1.00 0.86 0.95 0.91 0.92 0.92 0.91 0.78 0.87 0.88 0.90 0.90 0.87 0.94 0.89 0.84 0.86 0.84 0.84 0.87 0.87 0.87 0.89 0.83 0.89 0.90 0.92 0.80 0.86,oathblade7 rend_and_mend8 umbral_bolt7 absolute_zero8 rotwood8 | iron_vow1 grave_call1 plague_bearer1 searing2 deep_chill1 recovery1 from_the_ashes1 pack_leader1 ironhide1 chilling1 contagion1
5,warden/first/t1/lamplings/s8956/w1,first,plain,8956,warden,1,0,1,lamplings,none,1,1,30.54,0,32.00,,32645,46,52,0.695,32.5,,0,iron_vow from_the_ashes,4 6 9 11 13 14 16 17 18 19 21 22 23 25 26 27 28 29 30 32 33 34 36 37 38 40 41 42 43 44 45 46,36 46 54 63 70 79 88 90 100 92 125 129 121 114 113 134 121 126 127 136 145 154 165 205 159 177 189 193 192 198 204 194,1.00 1.00 1.00 1.00 0.99 0.97 1.00 0.96 0.94 0.96 0.94 0.87 0.92 0.90 0.94 0.69 0.89 0.88 0.83 0.87 0.91 0.85 0.93 0.98 0.96 1.00 1.00 0.99 0.97 0.92 0.81 0.82,living_flame8 rimeshard8 arcweb7 tether_of_anguish8 dawns_judgement8 umbral_bolt1 | iron_vow1 overload1 static_charge1 shatter1 from_the_ashes1 storm_caller1 emberblood1 vitality1 wisdom1 sanctify1 conduit1
6,warden/first/t1/kerchiefs/s1040/w0,first,plain,1040,warden,0,0,1,kerchiefs,none,1,1,30.43,0,32.00,,30625,57,63,0.852,25.9,,0,from_the_ashes from_the_ashes,7 10 11 14 17 20 21 24 26 28 29 29 32 34 35 35 38 39 41 42 44 45 46 47 48 49 51 52 53 55 55 57,43 54 60 64 62 68 87 95 89 86 131 129 120 126 121 162 154 186 149 134 162 165 184 161 166 171 184 181 197 196 220 209,0.85 1.00 1.00 1.00 0.96 0.95 0.94 0.91 0.94 0.99 0.95 0.94 0.93 1.00 1.00 1.00 1.00 1.00 1.00 1.00 0.97 1.00 1.00 1.00 0.95 0.95 0.99 0.95 1.00 0.97 1.00 1.00,oathblade6 aegis_wheel8 arcweb8 verdant_gaze8 soul_lantern8 hallowed_ring3 | from_the_ashes2 soul_harvest1 plague_bearer1 chilling2 static_charge1 vitality1 dread_command1 wisdom1 recovery1 shatter1 expanse1 venom1
7,warden/first/t1/kerchiefs/s8959/w1,first,plain,8959,warden,1,0,1,kerchiefs,none,1,1,31.18,0,32.00,,26502,57,63,0.366,71.1,,0,bloodthirst iron_vow,3 10 13 15 17 19 21 23 25 27 29 30 32 33 35 36 38 39 41 42 43 45 46 48 48 50 51 52 54 55 56 57,40 43 60 50 68 72 82 90 79 101 126 94 125 135 130 158 172 157 140 175 158 180 185 172 193 198 197 209 229 213 36 286,0.94 0.94 0.96 1.00 0.92 0.93 0.93 0.95 0.95 0.86 0.46 0.84 0.91 0.91 0.89 0.91 0.93 0.72 0.90 0.97 0.95 0.96 1.00 0.90 0.96 0.90 0.90 0.87 0.84 0.84 0.37 0.82,sunlance8 graveedge8 seeking_motes8 gyrestorm8 dawns_judgement8 hoarfrost5 | bloodthirst1 soul_harvest1 grave_call1 ferocity2 plague_bearer1 searing1 consecration1 iron_vow1 vitality2 serration1 dark_bargain1
8,warden/first/t2/pack/s1062/w0/L4,first,plain,1062,warden,0,0,2,pack,none,4,1,30.55,0,32.00,,31414,59,65,0.727,32.8,,0,iron_vow iron_vow,7 11 14 17 19 22 24 26 28 30 32 33 35 37 38 40 41 42 43 45 46 47 48 50 51 52 53 54 56 57 58 59,43 48 54 67 65 76 100 90 89 111 123 136 109 126 129 135 163 140 153 195 177 173 178 172 204 208 264 214 209 219 214 232,0.84 0.98 0.93 0.84 0.84 0.80 0.86 0.83 0.83 0.74 0.81 0.77 0.83 0.76 0.73 0.78 0.85 0.94 0.87 0.85 0.75 0.90 0.83 0.92 0.87 0.91 0.86 0.82 0.91 0.86 0.85 0.88,graveedge8 moonfall8 predators_volley8 winter_ward8 gravecall8 gyrestorm8 | iron_vow2 soul_harvest1 deaths_due1 ferocity2 pack_leader1 shatter1 precision1 warding1 deep_chill1 serration1 greed1
9,warden/first/t2/pack/s8981/w1/L4,first,plain,8981,warden,1,0,2,pack,none,4,1,30.88,0,32.00,,36231,61,68,0.861,52.7,,0,bloodthirst bloodthirst,8 11 14 16 20 22 23 26 28 29 31 32 34 36 37 38 41 42 44 46 47 48 50 51 52 54 55 56 58 59 60 61,42 55 58 60 77 88 93 95 85 109 114 144 127 128 116 152 143 158 148 158 162 171 170 186 196 200 190 221 225 214 249 264,0.98 0.98 0.97 0.97 0.94 0.94 0.94 0.94 0.93 0.93 0.86 0.96 0.94 0.92 0.92 0.96 0.92 0.92 1.00 1.00 1.00 1.00 1.00 1.00 1.00 0.99 1.00 1.00 1.00 1.00 1.00 1.00,aegis_wheel8 verdant_lance8 steel_flurry8 whirlwind8 starfall8 dawnpulse3 | bloodthirst2 blood_scent1 plague_bearer1 butchers_mark1 chilling2 fleetfoot5 deaths_due1 duplicity2 ironhide3 deep_chill1 expanse1 dark_bargain1
10,warden/first/t2/dead/s1065/w0/L4,first,plain,1065,warden,0,0,2,dead,none,4,0,,1,30.54,risen_archer,17670,41,46,0.762,,0.873,3,iron_vow iron_vow,5 7 8 9 11 13 14 15 17 19 20 21 21 23 23 25 25 27 28 30 31 31 33 34 35 36 37 39 40 41,39 49 63 66 71 87 94 107 114 116 128 136 146 157 167 174 185 199 202 216 215 231 233 219 252 250 268 277 286 264,0.94 1.00 1.00 1.00 0.98 1.00 1.00 1.00 1.00 1.00 0.93 0.83 0.94 1.00 0.88 0.98 0.85 0.90 1.00 1.00 0.95 0.97 1.00 0.76 0.96 0.79 1.00 0.91 0.99 0.83,oathblade7 thornbloom6 volley7 cleaver7 wild_hunt8 thunderhead7 | iron_vow2 grave_call1 searing2 consecration1 blood_scent1 dread_command1 fleetfoot2 velocity1 ironhide1
11,warden/first/t2/dead/s8984/w1/L4,first,plain,8984,warden,1,0,2,dead,none,4,1,31.25,0,32.00,,28463,50,56,0.807,75.1,,0,from_the_ashes from_the_ashes,5 7 9 10 12 14 16 17 19 19 20 22 23 25 28 29 31 33 33 35 36 38 40 41 42 44 45 46 47 49 49 50,44 43 61 74 73 87 90 98 114 111 133 133 158 133 156 155 155 159 184 169 195 181 239 260 203 238 229 234 234 249 34 243,1.00 1.00 1.00 0.97 0.96 0.96 0.94 0.90 0.94 0.91 0.94 0.87 0.81 0.87 0.92 0.96 0.95 0.89 0.96 0.95 0.92 0.96 0.96 0.93 0.93 0.86 0.91 0.90 0.90 0.92 0.90 0.92,reckoning8 eye_of_the_storm8 fallen_star8 whirlwind8 starseeker8 hoarfrost4 | from_the_ashes2 overload1 storm_caller1 precision3 dark_bargain1 fleetfoot1 emberseekers1 expanse1 chilling1 conduit1 deep_chill1
12,warden/first/t2/lamplings/s1068/w0/L4,first,plain,1068,warden,0,0,2,lamplings,none,4,1,30.69,0,32.00,,43353,54,60,0.787,41.7,,0,bloodthirst bloodthirst,6 7 11 13 14 16 19 20 21 23 24 27 28 29 32 33 35 36 38 39 41 42 44 45 46 48 49 50 51 52 53 54,42 51 60 67 63 69 86 96 113 98 117 123 150 124 157 155 165 167 167 161 180 191 195 210 255 225 220 235 224 217 267 264,0.97 1.00 1.00 0.93 0.94 0.95 0.93 0.93 0.93 0.88 0.94 0.91 0.94 0.94 0.94 0.93 0.93 0.92 0.93 0.94 0.88 0.92 0.91 0.89 0.90 0.86 0.91 0.91 0.89 0.89 0.79 0.90,graveedge8 eye_of_the_storm8 tether_of_anguish8 razorgale8 verdant_lance8 thunder_palm8 | bloodthirst2 static_charge1 contagion1 dark_bargain1 haste2 conduit1 storm_caller1 serration1 plague_bearer1 recovery2
13,warden/first/t2/lamplings/s8987/w1/L4,first,plain,8987,warden,1,0,2,lamplings,none,4,1,30.61,0,32.00,,39473,51,57,0.785,36.4,,0,bloodthirst bloodthirst,4 7 10 12 14 16 19 20 22 24 25 27 28 30 31 33 34 35 37 38 39 40 41 42 43 44 45 47 48 49 49 51,39 51 54 60 59 81 80 88 92 91 102 111 114 122 128 129 133 143 158 157 156 163 184 175 188 195 210 214 213 233 239 224,0.97 0.97 0.96 1.00 0.93 0.92 0.95 0.93 0.94 0.94 0.94 0.92 0.88 0.90 0.89 0.93 0.93 0.87 0.90 0.93 0.86 0.92 0.88 0.91 0.91 0.91 0.91 0.92 0.91 0.91 0.79 0.90,judgement_disc8 moonfall8 seeking_motes8 temple_breaker8 butchers_wheel8 oathblade2 | bloodthirst2 blood_scent1 grave_call2 soul_harvest1 fleetfoot2 pack_leader1 serration1 evasion1 expanse2 warding1
14,warden/first/t2/kerchiefs/s1071/w0/L4,first,plain,1071,warden,0,0,2,kerchiefs,none,4,1,30.64,0,32.00,,28055,56,62,0.304,38.5,,2,iron_vow iron_vow,7 12 14 17 19 22 24 26 28 30 32 34 35 37 39 40 41 42 44 45 47 48 48 48 49 50 51 52 52 54 55 56,51 51 64 68 72 85 98 104 112 119 136 143 143 129 118 135 144 131 189 150 215 203 182 171 229 207 194 193 229 212 297 227,0.77 0.90 1.00 0.91 0.92 0.89 0.90 0.88 0.83 0.80 0.56 0.89 0.88 0.83 0.88 0.68 0.77 0.30 0.80 0.92 0.42 0.67 0.69 0.99 0.78 0.63 0.52 0.32 0.91 0.95 0.48 0.86,graveedge8 harrowing8 thousand_cuts8 sunlance8 volley8 reavers_wheel8 | iron_vow2 blood_scent1 soul_harvest1 butchers_mark1 serration2 grave_call1 expanse2 duplicity2 contagion1 searing1
15,warden/first/t2/kerchiefs/s8990/w1/L4,first,plain,8990,warden,1,0,2,kerchiefs,none,4,1,31.01,0,32.00,,28833,59,65,0.861,60.5,,0,bloodthirst bloodthirst,3 7 12 14 17 20 20 24 24 28 29 31 33 36 38 38 40 40 43 44 45 47 48 49 50 52 53 55 56 57 58 59,42 49 56 65 76 81 94 100 111 100 114 147 156 128 126 130 170 181 166 164 153 204 176 217 237 182 188 188 221 219 39 235,0.95 0.97 0.96 0.96 0.96 0.93 0.91 0.95 0.91 0.95 0.86 0.89 0.86 0.94 0.95 0.95 0.95 0.94 0.95 0.99 0.93 0.99 0.99 0.95 0.94 0.93 0.93 0.94 0.94 0.93 1.00 1.00,reckoning8 bone_knights8 starseeker8 winter_ward8 blighted_earth8 sanctified_earth8 | bloodthirst2 deep_chill1 warding2 soul_harvest1 plague_bearer1 chilling1 precision5 sanctify1 dread_command1 ironhide1
16,warden/first/t3/pack/s1093/w0/L7,first,plain,1093,warden,0,0,3,pack,none,7,1,30.45,0,32.00,,53402,76,83,0.607,27.2,,0,grounding from_the_ashes,10 15 19 22 25 28 30 32 34 37 39 41 43 44 47 49 51 53 55 57 59 61 63 64 66 67 69 70 72 73 74 76,50 51 74 78 71 95 95 103 114 113 120 145 125 159 173 189 210 213 225 245 263 249 255 234 242 239 227 240 250 275 284 290,0.78 0.73 0.74 0.68 0.73 0.82 0.85 0.80 0.77 0.80 0.61 0.83 0.78 0.70 0.91 0.91 0.87 0.89 0.86 0.91 0.84 0.93 0.89 0.93 0.92 0.88 0.92 0.92 0.92 0.91 0.83 0.86,graveedge8 rend_and_mend8 soul_siphon8 starseeker8 butchers_wheel8 absolute_zero8 | grounding1 dark_bargain2 chilling2 frostbite1 storm_caller1 searing3 deep_chill1 serration1 recovery2 from_the_ashes1 ferocity1 precision3 blood_scent1
17,warden/first/t3/pack/s9012/w1/L7,first,plain,9012,warden,1,0,3,pack,none,7,0,,0,32.00,,33713,62,69,0.474,,,0,from_the_ashes iron_vow,3 8 12 16 17 19 23 24 26 29 31 33 36 37 39 40 41 44 45 47 49 50 52 53 54 56 57 58 60 61 61 62,52 57 67 66 90 102 101 113 115 102 140 151 118 137 130 150 161 190 152 180 187 181 203 204 204 213 206 222 250 246 53 51,0.96 0.74 0.78 0.80 0.80 0.48 0.68 0.47 0.75 0.51 0.79 0.70 0.68 0.83 0.70 0.84 0.89 0.90 0.91 0.91 1.00 0.99 1.00 0.97 0.96 0.97 1.00 1.00 0.99 1.00 1.00 1.00,reavers_wheel8 thunderclap8 rotwood8 volley5 dawns_judgement8 gale_chakram1 | from_the_ashes1 grave_call1 contagion1 soul_harvest1 consecration1 iron_vow2 thorns2 perennial2 might1 serration1 fortune1 plague_bearer1
18,warden/first/t3/dead/s1096/w0/L7,first,plain,1096,warden,0,0,3,dead,none,7,1,31.19,0,32.00,,23455,50,56,0.288,71.5,,3,iron_vow from_the_ashes,5 7 9 11 13 15 16 18 20 21 23 25 26 28 30 31 32 34 35 36 38 39 41 42 43 44 45 46 47 48 49 50,50 52 67 73 92 89 105 113 123 163 159 175 187 203 202 228 221 218 243 256 211 237 271 290 242 275 335 327 297 282 44 311,0.84 0.85 1.00 0.98 0.94 0.96 1.00 0.94 0.99 0.98 0.59 0.58 0.95 0.95 1.00 0.97 0.93 0.97 0.96 1.00 0.29 0.74 0.74 0.90 0.79 0.88 0.97 1.00 0.93 0.91 0.30 0.33,graveedge8 thunder_palm8 spirit_herd8 thousand_cuts8 razorgale8 reavers_wheel8 | iron_vow1 soul_harvest1 grave_call2 serration4 dark_bargain1 from_the_ashes1 haste3 static_charge1 perennial1
19,warden/first/t3/dead/s9015/w1/L7,first,plain,9015,warden,1,0,3,dead,none,7,0,,0,32.00,,23427,47,53,0.636,,,0,bloodthirst bloodthirst,4 6 8 10 10 13 15 16 18 19 21 22 23 25 27 28 30 31 32 34 35 37 38 39 40 42 43 44 46 46 47 47,45 56 62 80 95 104 104 120 127 101 144 155 169 173 181 203 194 218 173 172 254 225 259 224 205 231 309 246 264 326 51 58,1.00 1.00 0.97 0.96 0.97 0.94 0.97 0.94 0.94 0.96 0.83 0.72 0.94 0.94 0.94 0.94 0.95 0.93 0.92 0.92 0.81 0.94 0.95 0.95 0.92 0.92 0.95 0.89 0.95 0.95 0.64 0.64,judgement_disc8 fallen_star8 moonfall8 steel_flurry8 everbloom8 firepot6 | bloodthirst2 kindling1 grave_call3 expanse1 searing1 venom1 fleetfoot1 blood_scent1
20,warden/first/t3/lamplings/s1099/w0/L7,first,plain,1099,warden,0,0,3,lamplings,none,7,1,31.36,0,32.00,,37701,52,58,0.742,81.5,,0,iron_vow iron_vow,6 9 11 13 15 17 18 20 22 24 25 27 28 29 31 32 34 35 37 38 40 41 42 43 45 46 47 48 50 51 51 52,48 58 68 74 82 86 97 105 134 106 119 118 148 135 142 144 144 150 169 175 173 176 197 209 207 212 248 229 223 276 30 265,0.97 1.00 1.00 1.00 0.96 0.86 0.96 0.79 0.80 0.74 0.81 0.89 0.95 0.83 0.89 1.00 0.97 1.00 0.99 1.00 1.00 0.95 1.00 1.00 1.00 1.00 1.00 0.99 0.94 0.97 0.92 0.93,oathkeeper8 aegis_wheel8 eye_of_the_storm8 powder_keg8 verdant_lance6 moonfall8 | iron_vow2 grave_call1 warding1 emberseekers1 kindling1 ironhide2 plague_bearer1 expanse2 conduit2 deaths_due1 might3
21,warden/first/t3/lamplings/s9018/w1/L7,first,plain,9018,warden,1,0,3,lamplings,none,7,1,30.72,0,32.00,,42581,54,60,0.877,43.4,,0,iron_vow grounding,3 8 11 13 16 18 20 22 23 25 27 29 31 32 33 35 37 38 39 41 42 44 45 46 47 48 49 50 51 52 53 54,48 53 59 69 73 91 82 87 104 106 111 114 133 133 135 155 163 178 171 195 186 191 205 201 208 203 223 264 247 237 280 247,0.94 1.00 1.00 0.96 0.92 0.88 0.90 0.89 0.95 0.91 0.88 0.88 0.88 1.00 0.96 0.98 1.00 0.96 1.00 1.00 1.00 1.00 1.00 1.00 0.96 0.98 0.94 1.00 1.00 0.99 0.96 0.95,deathcoil8 reaving_arc7 reavers_wheel8 thousand_cuts8 dawns_judgement8 | iron_vow1 grave_call2 consecration1 pack_leader1 serration3 vitality3 grounding1 duplicity1 searing1 dread_command1
22,warden/first/t3/kerchiefs/s1102/w0/L7,first,plain,1102,warden,0,0,3,kerchiefs,none,7,1,30.40,0,32.00,,38240,72,79,0.320,24.2,,1,grounding grounding,6 11 16 19 22 25 27 29 32 34 36 39 41 43 45 47 49 51 53 55 57 58 60 61 63 65 66 67 69 70 71 72,51 53 68 79 87 92 108 104 99 113 132 142 140 145 139 168 167 172 175 206 196 221 214 225 249 248 250 235 232 245 268 302,0.90 0.60 0.42 0.47 0.65 0.51 0.35 0.32 0.54 0.52 0.57 0.67 0.33 0.52 0.81 0.85 0.86 0.81 0.86 0.74 0.39 0.90 0.78 0.84 0.89 0.84 0.80 0.88 0.85 0.88 0.47 0.83,graveedge8 skybreak8 moonfall8 reavers_wheel8 living_flame8 pyre_of_faith8 | grounding2 static_charge1 deaths_due1 kindling1 precision4 dark_bargain1 serration2 greed1 blood_scent1 emberblood3 emberseekers1
23,warden/first/t3/kerchiefs/s9021/w1/L7,first,plain,9021,warden,1,0,3,kerchiefs,none,7,1,31.64,0,32.00,,31413,60,67,0.333,98.3,,0,from_the_ashes from_the_ashes,2 8 10 12 19 21 25 25 26 30 31 32 33 36 38 40 43 45 47 48 50 52 53 53 55 56 56 58 58 59 60 60,52 55 63 85 95 98 121 132 121 132 169 140 154 134 146 181 175 187 220 196 206 229 243 224 231 234 247 234 236 231 25 309,0.87 0.88 0.79 0.95 0.93 0.52 0.41 0.88 0.89 0.72 0.80 0.79 0.77 0.82 0.86 0.85 0.85 0.87 0.85 0.62 0.86 0.69 0.85 0.89 0.65 0.90 0.88 0.84 0.33 0.35 0.90 0.73,reckoning8 living_flame8 starseeker8 skybreak8 plaguebloom8 reaving_arc8 | from_the_ashes2 emberseekers1 dark_bargain2 warding2 soul_harvest1 precision3 contagion1 perennial3 static_charge1
24,reaver/first/t1/pack/s1031/w0,first,plain,1031,reaver,0,0,1,pack,none,1,1,30.18,0,32.00,,33130,56,62,0.729,10.9,,0,grounding grounding,8 11 14 16 18 20 22 24 26 27 29 30 31 33 35 36 37 39 40 41 43 44 45 47 48 49 51 52 53 54 55 56,40 47 51 54 69 76 88 80 83 86 109 100 101 104 112 118 156 145 136 188 155 162 163 161 212 163 171 192 202 183 205 235,0.92 0.97 0.97 0.97 0.96 0.96 0.96 0.98 0.97 0.96 0.85 0.95 0.93 0.93 0.95 0.93 0.92 0.95 0.96 0.91 0.73 0.94 0.95 0.93 0.94 0.97 0.94 0.93 0.92 0.93 0.94 0.92,deathcoil8 reaving_arc8 razorgale8 temple_breaker8 butchers_wheel8 oathblade1 | grounding3 blood_scent1 warding2 soul_harvest1 serration2 pack_leader1 duplicity1 storm_caller1 evasion1 might1 expanse1
25,reaver/first/t1/pack/s8950/w1,first,plain,8950,reaver,1,0,1,pack,none,1,1,30.56,0,32.00,,42859,65,72,0.559,33.8,,0,from_the_ashes from_the_ashes,8 11 15 17 19 22 24 26 28 30 33 35 37 38 40 42 44 44 47 48 50 51 53 54 56 57 59 60 62 63 64 65,43 42 58 56 72 85 83 90 118 98 119 127 131 129 139 144 154 162 159 162 176 216 229 201 232 249 219 223 220 250 239 256,0.73 0.92 0.91 0.88 0.81 0.79 0.78 0.85 0.89 0.87 0.82 0.91 0.83 0.82 0.92 0.82 0.82 0.91 0.90 0.90 0.56 0.91 0.89 0.90 0.92 0.91 0.87 0.82 0.90 0.88 0.60 0.86,strangleroot8 reckoning8 temple_breaker8 grave_tether7 butchers_wheel8 bonesplitter8 | from_the_ashes2 butchers_mark1 dark_bargain2 might2 blood_scent1 precision2 serration3 grave_call1 evasion1 chilling1 soul_harvest1
26,reaver/first/t1/dead/s1034/w0,first,plain,1034,reaver,0,0,1,dead,none,1,1,31.29,0,32.00,,19623,40,45,0.695,77.3,,0,grounding bloodthirst,5 6 8 10 11 12 13 14 15 16 17 18 20 21 23 24 25 25 27 28 30 31 32 33 35 36 37 37 39 40 40 40,32 43 52 59 69 69 82 90 102 104 119 118 137 142 155 157 170 172 175 169 189 195 220 179 176 232 222 244 253 240 43 290,0.98 1.00 1.00 0.98 0.98 0.97 0.98 0.98 0.98 0.94 0.95 0.97 0.96 1.00 0.95 0.96 0.94 0.97 0.97 0.94 0.83 0.70 0.96 0.94 0.96 0.96 0.94 0.94 0.96 0.94 0.95 0.95,cleaver7 arcweb6 iron_palms6 moonbrand5 hail_of_steel8 gale_chakram1 | grounding1 storm_caller1 grave_call1 blood_scent1 bloodthirst1 static_charge1 serration1 precision2 searing1
27,reaver/first/t1/dead/s8953/w1,first,plain,8953,reaver,1,0,1,dead,none,1,1,31.43,0,32.00,,19442,41,46,0.343,85.5,,0,bloodthirst from_the_ashes,4 6 8 9 11 12 14 15 16 17 19 20 21 22 24 25 26 27 28 30 31 32 33 34 35 36 37 38 39 40 40 41,38 41 52 61 64 73 80 92 95 98 114 123 131 142 122 152 157 176 185 177 186 197 206 221 226 237 246 246 247 240 59 269,0.90 0.88 1.00 0.96 0.97 0.92 0.94 0.95 0.95 0.95 0.84 0.92 0.93 0.92 0.95 0.88 0.92 0.93 0.92 0.93 0.34 0.65 0.92 0.84 0.93 0.93 0.91 0.92 0.89 0.92 0.90 0.72,reavers_wheel8 spirit_herd8 cleaver7 rend_and_mend8 thornbloom4 oathblade7 | bloodthirst2 pack_leader1 blood_scent1 from_the_ashes1 duplicity2 soul_harvest1 recovery1 serration1 might1
28,reaver/first/t1/lamplings/s1037/w0,first,plain,1037,reaver,0,0,1,lamplings,none,1,1,30.58,0,32.00,,33750,45,51,0.530,35.1,,0,iron_vow iron_vow,6 9 10 12 14 16 17 18 20 21 23 24 25 27 28 29 31 32 33 34 35 36 37 38 39 40 41 42 43 44 44 45,40 43 56 45 69 76 76 86 104 94 85 95 99 103 127 113 121 124 143 139 166 160 147 162 176 190 176 181 207 209 209 259,0.96 1.00 1.00 1.00 0.90 0.79 0.95 0.87 0.88 0.89 0.84 0.73 0.83 0.93 0.88 0.82 0.72 0.96 0.92 0.90 0.87 0.81 0.85 0.85 0.82 0.84 0.87 0.87 0.86 0.86 0.53 0.82,rend_and_mend8 cinderfall7 verdant_lance8 gale_chakram2 butchers_wheel8 thornbloom3 | iron_vow2 plague_bearer1 blood_scent1 pyre_burst1 serration2 might1 kindling1 vitality2 evasion1 soul_harvest1
29,reaver/first/t1/lamplings/s8956/w1,first,plain,8956,reaver,1,0,1,lamplings,none,1,1,30.27,0,32.00,,35960,46,52,0.864,16.4,,0,iron_vow grounding,6 9 10 12 14 15 17 19 20 21 22 24 25 26 28 29 30 31 33 34 35 36 37 38 40 40 41 42 43 45 45 46,32 40 47 61 55 75 81 77 97 85 88 90 101 104 110 121 122 127 123 137 153 141 163 164 180 164 170 197 183 200 205 249,0.89 1.00 1.00 1.00 1.00 0.96 0.97 0.97 0.95 0.90 1.00 1.00 0.96 0.90 0.98 0.99 1.00 0.89 0.98 0.90 0.86 0.93 0.97 0.91 0.93 0.92 0.96 1.00 1.00 0.93 0.96 0.99,reavers_wheel8 winter_ward8 rimeshard4 pyre_of_faith8 deathcoil8 umbral_bolt8 | iron_vow2 consecration1 soul_harvest1 duplicity2 grounding1 grave_call1 serration1 emberblood4 warding1 kindling1
30,reaver/first/t1/kerchiefs/s1040/w0,first,plain,1040,reaver,0,0,1,kerchiefs,none,1,1,30.32,0,32.00,,30450,58,64,0.848,19.0,,0,from_the_ashes bloodthirst,7 9 12 15 18 20 23 24 26 28 29 31 32 34 36 38 38 40 42 44 44 46 47 48 49 50 52 53 54 55 56 58,36 45 53 60 70 75 78 94 76 77 110 129 132 136 116 151 159 139 152 127 154 150 180 175 171 205 186 171 189 195 191 186,0.86 1.00 0.97 1.00 0.91 0.95 0.93 0.94 0.94 0.94 0.92 0.90 0.91 0.91 0.91 0.93 0.90 0.87 0.88 0.91 0.89 0.89 0.85 0.91 0.88 0.86 0.87 0.91 0.90 0.91 0.90 0.89,arrowfall8 moonfall8 glacier_spear8 deathcoil8 butchers_wheel8 blightfield2 | from_the_ashes1 blood_scent1 deaths_due1 velocity2 duplicity2 frostbite1 deep_chill1 ferocity1 bloodthirst1 expanse1 butchers_mark1
31,reaver/first/t1/kerchiefs/s8959/w1,first,plain,8959,reaver,1,0,1,kerchiefs,none,1,1,31.39,0,32.00,,26816,55,61,0.665,83.7,,0,bloodthirst iron_vow,7 11 11 15 17 19 21 23 25 26 27 30 31 33 34 36 37 39 41 42 42 44 45 47 48 49 51 52 53 55 55 55,40 48 53 57 65 78 80 92 107 108 114 130 136 151 149 149 156 122 126 175 148 154 157 207 184 186 199 182 185 187 44 195,0.94 0.99 1.00 0.96 0.94 0.92 0.93 0.95 0.94 0.92 0.92 0.84 0.94 0.91 0.90 0.93 0.93 1.00 0.95 0.93 0.67 1.00 1.00 1.00 0.94 0.91 0.91 0.88 0.90 0.99 0.99 0.90,gyrestorm8 powder_keg8 rend_and_mend8 soul_siphon8 living_flame8 gravecall8 | bloodthirst1 soul_harvest1 kindling1 dread_command1 searing1 pyre_burst1 ferocity1 iron_vow1 recovery1 might2 grave_call1 perennial1
32,reaver/first/t2/pack/s1062/w0/L4,first,plain,1062,reaver,0,0,2,pack,none,4,1,30.81,0,32.00,,39669,62,69,0.317,48.4,,1,iron_vow iron_vow,8 12 15 18 20 23 25 26 28 30 32 34 36 37 39 41 42 44 45 47 49 50 51 52 54 55 57 58 59 61 61 62,43 51 58 64 65 87 88 91 95 90 123 113 106 117 127 135 144 146 140 156 185 202 164 206 185 203 186 230 216 241 241 216,0.85 0.78 0.76 0.84 0.32 0.58 0.85 0.81 0.50 0.61 0.54 0.65 0.89 0.89 0.69 0.87 0.81 0.91 0.95 0.98 0.92 0.90 0.86 0.94 0.95 0.86 0.84 0.94 0.81 0.89 0.95 0.87,dawnpulse7 iron_palms7 butchers_wheel8 frostfire_comet8 hallowed_ring2 reaving_arc6 | iron_vow3 sanctify1 consecration1 warding1 pyre_burst1 blood_scent1 expanse3 fleetfoot2 serration2 haste1 shatter1 searing1
33,reaver/first/t2/pack/s8981/w1/L4,first,plain,8981,reaver,1,0,2,pack,none,4,1,31.01,0,32.00,,35705,60,67,0.383,60.9,,0,bloodthirst from_the_ashes,8 12 15 18 20 23 25 26 28 30 32 34 36 37 39 40 42 43 45 46 47 49 50 51 52 54 55 56 57 59 59 60,46 51 61 67 68 80 83 79 78 91 105 107 116 107 127 129 145 149 134 167 166 192 189 186 205 192 209 210 208 202 33 251,0.95 0.97 0.93 0.93 0.92 0.93 0.89 0.93 0.93 0.91 0.75 0.92 0.92 0.90 0.92 0.91 0.90 0.90 0.91 0.91 0.85 0.93 0.90 0.90 0.89 0.89 0.81 0.89 0.93 0.89 0.38 0.74,reavers_wheel8 graveedge8 wild_hunt8 sunlance8 tether_of_anguish8 circle_of_dawn8 | bloodthirst2 pack_leader1 searing2 plague_bearer1 serration2 grave_call1 from_the_ashes1 recovery1 sanctify1 fleetfoot1 consecration1
34,reaver/first/t2/dead/s1065/w0/L4,first,plain,1065,reaver,0,0,2,dead,none,4,0,,0,32.00,,16283,39,44,0.480,,,0,iron_vow from_the_ashes,5 7 8 8 11 12 14 15 16 18 19 20 21 23 24 25 27 27 28 29 29 30 31 33 34 35 36 37 37 39 39 39,41 49 58 65 75 81 96 104 110 126 129 145 149 160 157 169 180 202 197 216 221 228 230 221 259 266 267 284 295 295 121 80,0.91 1.00 1.00 1.00 1.00 1.00 1.00 1.00 0.95 1.00 1.00 1.00 1.00 0.94 0.98 1.00 0.94 0.99 1.00 0.93 0.90 0.93 0.61 0.48 0.94 1.00 1.00 1.00 1.00 1.00 0.85 1.00,whirlwind8 gyrestorm8 spirit_herd7 volley7 thornbloom8 gale_chakram5 | iron_vow3 blood_scent1 pack_leader1 from_the_ashes1 ferocity1 kinship2
35,reaver/first/t2/dead/s8984/w1/L4,first,plain,8984,reaver,1,0,2,dead,none,4,0,,0,32.00,,18924,42,47,0.627,,,0,from_the_ashes iron_vow,4 6 7 9 12 13 15 16 17 19 20 21 21 23 24 24 26 27 28 29 30 32 32 34 35 36 38 39 41 41 42 42,42 49 63 68 69 87 93 100 126 120 128 135 143 158 165 183 197 199 208 209 200 234 240 233 245 268 270 211 237 239 46 47,0.92 1.00 1.00 0.97 0.96 0.94 0.90 0.97 0.91 0.94 0.90 0.72 0.88 0.95 0.92 0.90 1.00 0.93 0.90 1.00 0.92 0.63 0.82 0.84 0.88 1.00 0.95 0.90 0.78 1.00 1.00 1.00,gyrestorm8 glacier_spear8 arrowfall8 blightfield4 cinderfall7 winter_ward8 | from_the_ashes1 grave_call3 iron_vow1 ferocity1 pack_leader1 velocity1 warding1 perennial1
36,reaver/first/t2/lamplings/s1068/w0/L4,first,plain,1068,reaver,0,0,2,lamplings,none,4,1,30.99,0,32.00,,34269,48,54,0.494,59.7,,0,bloodthirst bloodthirst,5 8 11 13 14 16 17 19 19 22 23 25 26 28 29 30 32 33 34 35 36 38 38 40 41 42 43 44 46 47 47 48,39 49 51 65 63 90 102 97 82 112 139 105 116 117 120 143 147 160 145 149 179 168 197 212 178 195 209 224 219 227 73 243,0.97 0.97 1.00 1.00 0.96 0.92 0.95 0.91 0.90 0.91 0.93 0.93 0.92 0.94 0.90 0.87 0.92 0.92 0.88 0.82 0.90 0.93 0.92 0.91 0.92 0.92 0.91 0.86 0.90 0.90 0.49 0.90,living_flame8 volley6 spirit_herd6 thunderhead7 butchers_wheel8 arcweb2 | bloodthirst3 butchers_mark1 searing3 storm_caller1 grave_call1 serration1 fleetfoot3 perennial1 consecration1 conduit1
37,reaver/first/t2/lamplings/s8987/w1/L4,first,plain,8987,reaver,1,0,2,lamplings,none,4,1,30.76,0,32.00,,39004,50,56,0.253,45.7,,1,bloodthirst bloodthirst,6 9 12 14 16 18 19 21 22 24 25 27 28 30 31 33 34 35 36 38 39 40 41 42 43 44 45 46 47 49 49 50,38 46 48 63 69 82 75 87 90 102 99 113 112 121 117 164 148 148 163 154 168 177 173 182 201 194 194 215 205 204 237 261,0.98 0.97 1.00 1.00 0.95 0.90 0.94 0.94 0.89 0.89 0.93 0.94 0.91 0.91 0.88 0.88 0.89 0.92 0.92 0.91 0.89 0.92 0.88 0.89 0.91 0.84 0.91 0.91 0.89 0.84 0.25 0.84,graveedge8 firepot8 verdant_gaze8 dawnpulse6 butchers_wheel8 axe_gyre3 | bloodthirst2 pyre_burst1 emberseekers1 sanctify1 ferocity3 kindling1 serration1 blood_scent1 venom1
38,reaver/first/t2/kerchiefs/s1071/w0/L4,first,plain,1071,reaver,0,0,2,kerchiefs,none,4,0,,0,32.00,,14576,51,57,0.762,,,0,iron_vow from_the_ashes,5 9 10 13 15 16 18 19 22 23 25 26 27 28 29 31 32 33 36 37 38 40 41 42 44 45 46 48 48 49 50 51,37 44 55 72 76 88 94 98 109 116 125 132 146 155 158 165 205 222 230 241 246 257 260 285 276 297 329 324 335 345 58 44,0.89 1.00 1.00 0.99 0.95 0.96 0.91 0.95 0.94 1.00 0.94 0.86 1.00 0.99 0.97 0.89 0.91 0.86 0.93 0.97 1.00 0.91 0.96 0.86 0.90 0.94 0.76 1.00 0.99 0.91 0.90 0.99,whirlwind8 gravecall7 volley5 lunar_brand8 tether_of_anguish8 thunder_palm8 | iron_vow1 grave_call2 pack_leader1 deaths_due1 fortune2 fleetfoot3 from_the_ashes1 dark_bargain1 recovery3 conduit1
39,reaver/first/t2/kerchiefs/s8990/w1/L4,first,plain,8990,reaver,1,0,2,kerchiefs,none,4,1,30.55,0,32.00,,33096,64,71,0.654,32.9,,0,bloodthirst bloodthirst,6 13 16 19 22 25 27 29 31 33 35 37 39 40 42 44 45 47 48 50 50 53 54 55 56 58 59 59 61 62 63 64,49 58 67 78 81 95 82 94 109 117 115 125 151 177 146 159 175 154 163 193 184 186 187 231 195 199 318 263 248 270 242 246,0.89 0.94 0.94 0.92 0.92 0.94 0.91 0.91 0.90 0.88 0.65 0.88 0.88 0.92 0.91 0.93 0.93 0.93 0.93 0.93 0.92 0.92 0.92 0.92 0.92 0.92 0.91 0.91 0.91 0.87 0.86 0.78,rend_and_mend8 everbloom8 butchers_wheel8 spirit_herd8 hail_of_steel8 axe_gyre3 | bloodthirst2 dark_bargain1 soul_harvest1 blood_scent1 serration2 venom3 butchers_mark1 might2 grave_call1 recovery1 velocity1 plague_bearer1
40,reaver/first/t3/pack/s1093/w0/L7,first,plain,1093,reaver,0,0,3,pack,none,7,1,30.59,0,32.00,,46509,68,75,0.351,35.1,,0,grounding from_the_ashes,9 14 17 20 22 25 27 29 31 33 35 37 39 40 42 44 46 47 49 50 52 54 55 57 58 60 61 63 64 66 67 68,48 57 62 72 76 100 101 90 91 98 111 115 129 135 139 136 162 156 163 189 183 196 197 209 225 233 282 267 260 238 262 299,0.64 0.79 0.64 0.35 0.43 0.79 0.75 0.59 0.76 0.76 0.46 0.75 0.78 0.74 0.86 0.81 0.84 0.89 0.85 0.92 0.80 0.93 0.92 0.91 0.91 0.92 0.95 0.93 0.94 0.91 0.80 0.97,bonesplitter8 hailwheel8 thunder_palm8 oathkeeper8 blighted_earth8 powder_keg8 | grounding2 storm_caller1 plague_bearer1 butchers_mark1 chilling3 deep_chill1 haste1 from_the_ashes1 ironhide1 might2 blood_scent1
41,reaver/first/t3/pack/s9012/w1/L7,first,plain,9012,reaver,1,0,3,pack,none,7,1,30.35,0,32.00,,36908,62,69,0.502,21.0,,0,from_the_ashes from_the_ashes,7 10 14 16 18 21 23 24 26 29 30 33 34 35 37 39 41 42 44 46 48 49 51 53 54 56 57 58 59 60 60 62,45 56 57 78 100 96 113 121 126 144 138 128 130 139 133 183 150 164 157 179 200 179 208 204 206 266 236 241 263 230 243 284,0.83 0.95 0.95 0.87 0.89 0.79 0.62 0.80 0.90 0.87 0.76 0.69 0.80 0.79 0.50 0.86 0.78 0.88 0.78 0.74 0.82 0.92 0.90 0.80 0.86 0.85 0.82 0.88 0.72 0.79 0.72 0.87,hailwheel8 arrowfall8 lunar_brand8 thunderhead6 butchers_wheel8 | from_the_ashes3 grave_call2 deaths_due1 duplicity2 might2 static_charge1 fortune1 chilling1 pack_leader1 velocity1 serration1
42,reaver/first/t3/dead/s1096/w0/L7,first,plain,1096,reaver,0,0,3,dead,none,7,0,,0,32.00,,25442,51,57,0.128,,,3,iron_vow bloodthirst,5 8 10 12 13 15 17 18 20 22 23 25 27 29 31 32 34 35 37 38 40 41 42 43 44 46 47 48 49 50 50 51,46 58 63 69 90 95 105 116 125 153 167 170 188 167 208 200 215 208 186 207 237 229 228 229 230 291 272 253 259 272 43 38,0.95 1.00 1.00 0.83 0.97 0.94 0.80 0.94 0.91 0.97 0.13 0.32 0.94 0.90 0.86 0.95 0.93 0.91 0.91 0.95 0.42 0.58 0.95 0.92 1.00 0.98 0.94 1.00 1.00 0.94 0.77 0.89,bonesplitter8 volley8 thunder_palm8 great_herd8 oathkeeper8 wildfire8 | iron_vow1 blood_scent1 pyre_burst1 searing1 dark_bargain1 perennial1 bloodthirst1 grave_call1 ironhide3 haste2 might1 soul_harvest1
43,reaver/first/t3/dead/s9015/w1/L7,first,plain,9015,reaver,1,0,3,dead,none,7,1,31.63,0,32.00,,23622,48,54,0.587,98.0,,0,bloodthirst grounding,5 8 10 12 14 15 17 19 20 22 23 25 26 28 29 31 32 33 35 36 37 38 40 41 42 43 44 45 46 47 47 48,43 61 66 83 85 93 101 117 126 136 154 169 168 171 189 197 174 214 183 186 217 259 252 209 284 261 264 313 286 330 56 372,0.91 0.95 0.96 0.94 0.96 0.96 0.94 0.94 0.89 0.95 0.64 0.59 0.93 0.93 0.94 0.95 0.96 0.91 0.97 0.97 0.85 0.95 0.96 0.95 0.96 0.95 0.95 0.94 0.95 0.89 0.94 0.92,reavers_wheel8 hoarfrost8 rimeshard8 cleaver8 thousand_cuts8 harrowing8 | bloodthirst1 shatter1 emberseekers1 blood_scent1 searing1 serration2 grounding1 sanctify1 expanse2 butchers_mark1 velocity1
44,reaver/first/t3/lamplings/s1099/w0/L7,first,plain,1099,reaver,0,0,3,lamplings,none,7,0,,0,32.00,,41555,54,60,0.716,,,0,iron_vow iron_vow,7 10 13 15 17 19 21 22 24 25 27 29 30 32 33 35 36 38 39 40 42 43 44 45 47 48 49 51 52 54 54 54,34 60 57 70 73 98 91 94 100 114 145 123 129 124 150 154 169 162 179 184 196 195 190 248 232 252 250 249 230 259 26 25,0.98 1.00 1.00 0.97 0.80 0.94 0.89 0.92 0.91 0.83 0.86 0.87 0.87 0.84 0.80 0.87 0.85 0.93 0.72 0.86 0.93 0.85 0.81 0.87 0.86 0.91 0.96 0.77 0.90 0.83 0.94 0.93,cleaver8 reavers_wheel8 sanctified_earth8 verdant_lance8 glacier_spear8 blighted_earth8 | iron_vow2 frostbite1 grave_call1 pack_leader1 contagion1 chilling2 serration3 velocity1 dark_bargain1 warding1
45,reaver/first/t3/lamplings/s9018/w1/L7,first,plain,9018,reaver,1,0,3,lamplings,none,7,1,31.52,0,32.00,,42377,53,59,0.498,91.3,,0,iron_vow iron_vow,4 10 12 15 17 19 21 22 25 26 28 29 31 33 34 35 37 38 39 41 42 43 45 46 47 48 49 50 52 52 53 53,40 50 55 60 86 86 87 99 105 102 110 114 113 128 132 156 155 178 174 165 174 208 198 194 205 233 210 213 250 231 21 292,0.94 1.00 1.00 1.00 0.81 0.92 0.94 0.92 0.92 0.89 0.91 0.86 0.87 0.93 0.82 0.85 0.85 0.92 0.94 0.95 0.92 0.98 0.91 0.99 0.93 0.60 0.91 0.83 0.90 0.84 0.50 0.50,reavers_wheel8 sunlance8 eye_of_the_storm8 blighted_earth8 thunder_palm8 cleaver8 | iron_vow2 grave_call2 warding1 blood_scent1 chilling1 serration1 butchers_mark1 conduit2 searing1 consecration1
46,reaver/first/t3/kerchiefs/s1102/w0/L7,first,plain,1102,reaver,0,0,3,kerchiefs,none,7,1,30.54,0,32.00,,30872,60,67,0.666,32.6,,0,grounding grounding,4 10 12 13 14 19 20 21 24 28 28 33 34 37 39 41 41 43 45 47 49 50 51 52 54 56 56 56 58 59 59 60,51 54 63 78 82 102 106 118 107 136 154 119 157 122 130 180 187 157 177 161 182 190 191 222 205 201 210 214 230 257 267 244,0.94 0.84 0.97 0.96 0.91 0.89 0.86 0.86 0.87 0.67 0.77 0.85 0.86 0.82 0.89 0.89 0.88 0.87 0.95 0.90 0.94 0.87 0.94 0.90 0.94 0.94 0.96 0.89 0.94 0.94 0.95 0.91,whirlwind8 mote_cascade8 blighted_earth8 umbral_bolt8 barrow_host8 gravecall2 | grounding2 dread_command1 plague_bearer1 contagion1 pack_leader1 duplicity1 ironhide3 venom2 blood_scent1 ferocity1 perennial1 butchers_mark1
47,reaver/first/t3/kerchiefs/s9021/w1/L7,first,plain,9021,reaver,1,0,3,kerchiefs,none,7,1,31.66,0,32.00,,32820,62,69,0.620,99.7,,0,from_the_ashes from_the_ashes,6 11 15 19 22 24 25 29 31 33 34 36 38 40 41 43 44 45 47 49 50 51 52 54 55 56 58 59 61 61 62 62,50 55 60 63 78 89 82 97 106 104 133 147 123 148 162 167 161 144 167 194 199 174 192 219 208 226 226 217 234 224 29 301,0.71 0.93 1.00 0.95 0.86 0.94 0.95 0.94 0.94 0.94 0.99 0.78 0.94 0.90 0.93 0.94 0.93 0.92 0.93 0.86 0.88 0.99 0.92 0.92 0.97 0.92 0.92 0.99 0.87 0.92 0.79 0.62,reavers_wheel8 soul_siphon8 living_flame8 thunder_palm8 hail_of_steel8 thornbloom4 | from_the_ashes2 soul_harvest1 duplicity2 pyre_burst1 recovery4 kindling1 pack_leader1 haste3 serration1 static_charge1 velocity2 perennial1 overload1
48,arcanist/first/t1/pack/s1031/w0,first,plain,1031,arcanist,0,0,1,pack,none,1,1,31.13,0,32.00,,34695,58,64,0.656,68.0,,0,grounding from_the_ashes,5 11 13 15 18 20 21 24 25 27 29 31 32 34 35 37 38 40 41 43 44 46 48 48 49 51 52 54 55 56 57 58,39 48 56 58 63 77 75 86 96 103 123 112 101 104 124 143 119 120 134 143 153 145 161 179 179 167 193 179 202 199 21 195,0.97 0.97 0.97 0.96 0.86 0.74 0.87 0.90 0.91 0.82 0.82 0.70 0.90 0.71 0.89 0.93 0.88 0.93 0.89 0.82 0.87 0.87 0.79 0.86 0.93 0.85 0.82 0.85 0.77 0.83 0.77 0.66,mote_cascade8 verdant_gaze8 razorgale8 circle_of_dawn8 rend_and_mend8 cinderfall7 | grounding1 plague_bearer1 kindling1 sanctify1 recovery4 contagion1 from_the_ashes1 duplicity2 venom1 pyre_burst1 serration1
49,arcanist/first/t1/pack/s8950/w1,first,plain,8950,arcanist,1,0,1,pack,none,1,1,30.56,0,32.00,,35150,59,65,0.457,33.4,,0,from_the_ashes iron_vow,7 11 14 17 19 21 23 25 26 28 30 32 33 35 37 38 40 41 43 44 45 46 48 49 50 52 53 54 56 57 58 59,44 45 54 54 60 87 77 76 84 78 117 128 105 106 119 135 130 129 132 143 145 162 170 175 211 187 173 173 186 184 202 222,0.46 0.91 0.82 0.82 0.90 0.80 0.80 1.00 1.00 0.96 0.77 0.96 1.00 0.96 0.95 0.89 0.94 0.96 0.95 1.00 0.93 0.94 0.95 0.97 0.99 1.00 1.00 0.97 1.00 1.00 0.95 0.80,living_flame8 oathkeeper8 gyrestorm8 aegis_wheel8 arrowfall8 reaving_arc8 | from_the_ashes1 kindling1 grave_call2 ironhide1 soul_harvest1 ferocity3 emberseekers1 iron_vow1 velocity1 perennial1
50,arcanist/first/t1/dead/s1034/w0,first,plain,1034,arcanist,0,0,1,dead,none,1,1,31.09,0,32.00,,20594,43,48,0.781,65.3,,0,grounding grounding,4 7 8 10 11 13 15 15 16 18 18 20 20 22 22 24 25 25 27 28 29 31 32 34 35 36 37 39 40 41 42 43,41 47 47 57 64 75 84 89 102 105 110 122 133 143 144 156 164 177 185 190 201 202 217 224 205 222 238 219 221 192 42 270,1.00 1.00 1.00 0.94 0.97 0.94 0.94 0.97 0.97 0.97 0.96 0.96 0.92 0.93 0.96 0.96 0.92 0.95 0.93 0.91 0.91 0.93 0.94 0.95 0.94 0.91 0.78 0.85 0.91 0.84 0.88 0.93,mote_cascade8 glacier_spear8 harrowing8 arcweb5 grave_tether7 hoarfrost6 | grounding3 static_charge1 deep_chill1 velocity1 duplicity1 grave_call1 kinship1
51,arcanist/first/t1/dead/s8953/w1,first,plain,8953,arcanist,1,0,1,dead,none,1,1,30.52,0,32.00,,24452,43,48,0.202,31.1,,2,bloodthirst grounding,5 7 9 10 12 13 15 17 18 19 20 22 23 24 26 27 29 30 31 32 33 34 34 37 38 39 40 41 42 42 43 43,31 40 50 59 65 78 83 96 100 101 118 122 135 142 150 144 161 176 145 145 201 158 186 192 188 209 202 235 224 221 278 227,1.00 1.00 1.00 0.96 0.96 0.96 1.00 0.94 0.95 0.95 0.20 0.94 0.95 0.87 0.88 0.94 0.93 0.92 0.94 0.91 0.32 0.73 0.91 0.93 0.94 0.93 0.90 0.93 0.93 0.89 0.88 0.92,cinderfall8 hoarfrost5 firepot6 spirit_herd6 the_tempest8 moonbrand1 | bloodthirst2 overload1 duplicity2 pyre_burst1 grounding1 static_charge1 might2 emberblood1 expanse1
52,arcanist/first/t1/lamplings/s1037/w0,first,plain,1037,arcanist,0,0,1,lamplings,none,1,1,30.37,0,32.00,,32226,46,52,0.786,22.4,,0,iron_vow iron_vow,4 9 10 12 14 16 16 19 20 21 23 24 25 27 27 29 30 31 32 33 35 35 37 38 39 40 41 42 43 45 45 46,36 44 50 61 55 79 82 91 83 94 109 99 120 118 106 138 147 144 123 152 150 138 173 183 163 169 183 172 185 185 198 205,1.00 1.00 1.00 1.00 0.98 0.82 0.90 0.86 0.94 0.92 0.89 0.91 0.93 0.91 0.88 0.82 0.91 0.94 0.79 0.88 0.88 0.91 0.84 0.86 0.89 0.81 0.86 0.85 0.83 0.83 0.86 0.81,mote_cascade8 tether_of_anguish8 arrowfall8 iron_palms5 moonbrand7 gale_chakram8 | iron_vow2 grave_call2 deaths_due1 soul_harvest1 velocity2 recovery1 duplicity2 pack_leader1
53,arcanist/first/t1/lamplings/s8956/w1,first,plain,8956,arcanist,1,0,1,lamplings,none,1,1,31.30,0,32.00,,35029,49,55,0.267,77.9,,2,iron_vow iron_vow,5 7 10 11 13 15 18 19 21 22 24 25 26 28 29 31 32 34 35 36 38 39 40 41 42 43 45 46 47 48 48 49,38 43 52 67 73 68 85 85 88 100 107 115 117 118 131 140 145 169 160 152 161 168 174 193 193 240 210 206 246 207 25 228,1.00 1.00 1.00 1.00 0.85 0.74 0.91 0.75 0.84 0.75 0.83 0.72 0.72 0.81 0.80 0.90 0.92 0.88 0.78 0.71 0.85 0.75 0.88 0.72 0.74 0.71 0.72 0.81 0.66 0.38 0.51 0.27,cinderfall8 oathblade7 wild_hunt8 thunder_palm8 steel_flurry8 powder_keg8 | iron_vow2 pyre_burst1 dark_bargain1 duplicity2 blood_scent1 haste3 dread_command1 fleetfoot1 butchers_mark1 might1
54,arcanist/first/t1/kerchiefs/s1040/w0,first,plain,1040,arcanist,0,0,1,kerchiefs,none,1,1,30.39,0,32.00,,32244,61,68,0.226,23.5,,3,from_the_ashes from_the_ashes,6 10 14 16 19 21 23 25 27 29 31 33 35 37 38 40 41 43 44 45 47 48 49 51 52 54 55 57 58 59 60 61,38 44 49 63 65 78 72 92 98 96 113 111 122 105 112 153 145 141 138 148 140 170 162 159 181 187 201 198 186 198 198 222,0.62 0.94 0.94 0.76 0.57 0.82 0.71 0.81 0.69 0.45 0.25 0.79 0.62 0.68 0.72 0.77 0.49 0.59 0.39 0.64 0.23 0.85 0.23 0.30 0.41 0.74 0.33 0.71 0.68 0.76 0.70 0.90,mote_cascade8 arrowfall8 glacier_spear8 harrowing8 butchers_wheel8 moonbrand3 | from_the_ashes3 grave_call1 frostbite1 duplicity2 shatter1 velocity1 butchers_mark1 ferocity3 warding2 kinship1 deep_chill1
55,arcanist/first/t1/kerchiefs/s8959/w1,first,plain,8959,arcanist,1,0,1,kerchiefs,none,1,1,30.38,0,32.00,,30902,60,67,0.652,22.8,,0,bloodthirst bloodthirst,5 8 13 14 17 20 22 24 25 28 30 32 32 35 36 38 40 41 43 44 46 47 47 49 51 52 54 55 56 58 59 60,44 47 52 54 65 79 89 96 87 99 113 125 119 131 114 160 118 132 186 135 145 138 178 200 204 221 192 192 233 240 242 208,0.94 1.00 0.94 0.93 0.93 0.86 0.91 0.88 0.91 0.91 0.91 0.87 0.87 0.74 0.80 0.88 0.80 0.79 0.87 0.78 0.65 0.81 0.86 0.86 0.86 0.86 0.85 0.74 0.77 0.84 0.83 0.82,living_flame8 reckoning8 steel_flurry8 wildfire8 lunar_brand8 soul_siphon8 | bloodthirst2 deaths_due1 searing3 consecration1 sanctify1 fortune4 fleetfoot2 kindling1 perennial1 recovery2 pyre_burst1 blood_scent1
56,arcanist/first/t2/pack/s1062/w0/L4,first,plain,1062,arcanist,0,0,2,pack,none,4,1,30.29,0,32.00,,39343,66,73,0.681,17.3,,0,iron_vow from_the_ashes,7 12 17 19 22 24 27 29 31 32 35 36 38 40 42 43 45 46 48 50 51 52 54 55 57 58 59 61 62 64 65 66,50 53 63 63 70 95 73 87 84 97 114 121 121 130 171 134 135 146 150 144 170 168 223 187 206 180 199 250 224 196 238 239,1.00 1.00 1.00 1.00 1.00 0.89 1.00 1.00 0.81 0.94 0.84 0.90 0.93 0.85 0.77 0.93 0.98 0.96 0.92 0.68 0.92 0.85 0.92 0.82 0.93 0.93 0.91 0.88 1.00 0.91 0.90 0.78,starseeker8 thunderclap8 barrow_legion8 living_flame8 soul_lantern8 dawnpulse4 | iron_vow1 static_charge1 kindling1 pyre_burst1 might1 overload1 recovery1 from_the_ashes1 soul_harvest1 kinship1 precision1 perennial1 pack_leader1
57,arcanist/first/t2/pack/s8981/w1/L4,first,plain,8981,arcanist,1,0,2,pack,none,4,1,30.43,0,32.00,,44708,67,74,0.851,25.9,,0,bloodthirst bloodthirst,8 13 15 19 21 24 26 28 29 32 34 36 37 40 41 44 45 47 48 49 51 53 54 56 57 59 60 61 63 65 66 67,38 52 53 53 62 90 78 88 89 96 100 114 110 120 132 138 144 155 159 157 164 164 166 173 207 194 230 202 233 258 245 236,0.97 0.96 0.95 1.00 0.89 0.94 0.89 1.00 0.85 0.90 0.93 1.00 1.00 0.94 1.00 1.00 1.00 0.95 1.00 1.00 1.00 1.00 1.00 1.00 0.98 1.00 1.00 1.00 1.00 1.00 1.00 1.00,living_flame8 tempest_coil8 wildfire8 aegis_wheel8 thousand_cuts8 rend_and_mend8 | bloodthirst2 soul_harvest1 pyre_burst1 overload1 perennial5 blood_scent1 duplicity1 ironhide1 vitality3 emberseekers1 expanse2 kindling1 serration1
58,arcanist/first/t2/dead/s1065/w0/L4,first,plain,1065,arcanist,0,0,2,dead,none,4,1,31.55,0,32.00,,23246,48,54,0.263,93.1,,1,iron_vow iron_vow,5 8 10 12 14 15 17 19 20 22 24 25 27 28 29 31 32 33 35 36 37 38 40 41 42 43 44 45 46 47 48 48,46 52 55 64 76 90 92 106 111 119 136 136 134 162 151 178 188 190 203 165 212 213 208 243 232 214 212 215 284 198 54 276,1.00 1.00 1.00 0.98 0.95 0.97 1.00 0.97 0.95 1.00 0.51 0.93 0.94 0.89 0.94 0.98 1.00 1.00 0.79 0.96 0.48 0.49 1.00 0.93 0.90 1.00 1.00 1.00 1.00 1.00 0.26 0.42,starseeker8 winter_ward8 temple_breaker8 verdant_gaze8 circle_of_dawn8 cleaver8 | iron_vow3 sanctify1 plague_bearer1 precision2 frostbite1 blood_scent1 vitality2 evasion1 warding1
59,arcanist/first/t2/dead/s8984/w1/L4,first,plain,8984,arcanist,1,0,2,dead,none,4,1,31.30,0,32.00,,23518,49,55,0.529,78.1,,0,from_the_ashes from_the_ashes,5 8 9 11 13 14 16 17 19 20 21 23 25 26 27 29 31 32 33 35 37 38 39 41 42 43 44 45 46 47 48 49,39 49 54 69 76 85 94 98 110 121 128 141 124 148 125 141 164 153 149 145 219 216 226 205 204 258 217 285 218 199 43 270,1.00 1.00 1.00 0.95 0.93 0.91 0.95 0.93 1.00 0.92 0.53 0.94 0.94 0.88 0.94 0.93 0.90 0.93 0.86 0.93 0.92 0.87 0.92 0.88 0.84 0.65 0.87 0.86 0.91 0.84 0.88 0.88,mote_cascade8 wildfire8 gravecall8 oathblade6 frostfire_comet8 | from_the_ashes2 shatter1 grave_call1 pack_leader1 emberblood4 duplicity1 dread_command1 soul_harvest1 haste1
60,arcanist/first/t2/lamplings/s1068/w0/L4,first,plain,1068,arcanist,0,0,2,lamplings,none,4,1,30.95,0,32.00,,41706,56,62,0.711,57.0,,0,bloodthirst bloodthirst,4 9 11 14 15 17 19 21 23 24 27 28 30 32 33 35 36 38 40 41 42 44 45 46 48 49 51 52 53 55 55 56,47 52 53 70 80 90 102 111 130 112 129 131 120 129 128 153 168 166 184 200 174 174 194 206 212 224 224 230 230 235 213 267,0.95 1.00 1.00 0.93 0.77 0.80 0.86 0.71 0.77 0.78 0.85 0.90 0.90 0.84 0.91 0.88 0.89 0.99 0.97 1.00 0.98 0.96 0.90 0.95 0.86 0.93 0.94 0.97 0.90 0.91 0.88 0.89,mote_cascade8 aegis_wheel8 wildfire8 pyre_of_faith8 deepwinter8 graveedge8 | bloodthirst2 kindling1 sanctify1 dark_bargain1 vitality2 emberblood2 grave_call1 serration2 haste1 dread_command1 duplicity1
61,arcanist/first/t2/lamplings/s8987/w1/L4,first,plain,8987,arcanist,1,0,2,lamplings,none,4,1,30.79,0,32.00,,35783,53,59,0.430,47.2,,0,bloodthirst bloodthirst,4 8 10 13 15 17 18 20 22 23 25 27 28 30 31 33 33 35 36 38 39 40 41 42 44 45 47 48 49 51 52 53,39 55 58 68 69 90 99 88 110 113 105 114 97 127 119 133 139 159 160 176 168 187 188 216 186 212 223 219 229 228 250 261,0.96 1.00 1.00 1.00 0.86 0.89 0.92 0.83 0.91 0.83 0.89 0.89 0.84 0.88 0.88 0.88 0.83 0.80 0.82 0.87 0.85 0.83 0.74 0.85 0.85 0.84 0.84 0.84 0.83 0.83 0.43 0.81,fallen_star8 tether_of_anguish8 moonfall8 cleaver8 harrowing8 razorgale8 | bloodthirst3 grave_call1 deaths_due1 blood_scent1 expanse3 warding2 wisdom2 dark_bargain1 serration2
62,arcanist/first/t2/kerchiefs/s1071/w0/L4,first,plain,1071,arcanist,0,0,2,kerchiefs,none,4,1,30.61,0,32.00,,29614,66,73,0.658,36.6,,0,iron_vow from_the_ashes,6 10 13 16 17 22 23 24 27 30 31 32 35 37 40 42 43 45 47 49 50 51 53 54 56 57 59 61 62 64 65 66,39 52 60 64 77 90 96 107 115 117 126 136 117 122 122 143 143 148 196 167 196 168 175 236 180 188 221 198 212 222 241 247,1.00 1.00 0.98 0.96 0.96 0.92 0.66 0.91 0.91 0.80 0.89 0.89 0.87 0.88 0.88 0.82 0.98 0.95 0.93 0.95 0.72 1.00 0.76 0.90 0.96 0.88 0.85 0.85 0.80 0.82 1.00 0.95,whirlwind8 skybreak8 glacier_spear8 strangleroot8 starfall8 umbral_bolt8 | iron_vow1 static_charge1 chilling1 deep_chill1 deaths_due1 fleetfoot2 frostbite1 greed3 precision2 from_the_ashes1 soul_harvest1 velocity1 emberseekers1
63,arcanist/first/t2/kerchiefs/s8990/w1/L4,first,plain,8990,arcanist,1,0,2,kerchiefs,none,4,1,31.36,0,32.00,,32924,64,71,0.712,81.5,,0,bloodthirst bloodthirst,7 12 14 18 20 23 24 26 29 32 34 36 37 37 38 39 40 43 45 47 48 50 52 54 56 57 58 60 61 63 63 64,42 53 55 71 80 79 107 106 92 109 113 141 155 103 132 165 141 156 202 194 172 152 217 175 205 192 273 219 207 243 37 239,0.95 0.94 0.93 1.00 0.91 0.91 0.89 0.90 0.90 0.79 0.89 0.90 0.89 0.89 0.85 0.88 0.88 0.87 0.98 0.81 0.87 0.77 0.86 0.86 0.85 0.80 0.85 0.73 0.71 0.80 0.95 0.83,cinderfall8 hailwheel8 glacier_spear8 ruin_bolt8 arrowfall8 powder_keg8 | bloodthirst3 grave_call2 soul_harvest1 kindling1 velocity1 chilling1 fracture1 might4
64,arcanist/first/t3/pack/s1093/w0/L7,first,plain,1093,arcanist,0,0,3,pack,none,7,1,30.45,0,32.00,,34337,68,75,0.771,27.0,,0,grounding bloodthirst,6 10 13 17 21 24 26 28 32 34 36 38 40 42 43 45 47 49 50 51 53 54 56 57 58 60 61 63 64 65 66 68,46 56 68 72 82 97 106 110 100 103 109 113 122 138 132 154 145 180 210 164 174 179 197 214 203 205 220 225 234 246 283 241,0.97 0.96 0.96 0.89 0.84 0.86 0.90 0.77 0.84 0.93 0.85 0.82 0.89 1.00 0.95 1.00 0.96 1.00 1.00 0.96 0.96 1.00 0.96 1.00 1.00 0.90 1.00 0.96 1.00 1.00 0.96 0.95,mote_cascade8 skybreak8 soul_siphon8 razorgale8 bone_knights8 rend_and_mend8 | grounding2 soul_harvest1 static_charge1 grave_call2 serration4 duplicity2 vitality3 warding1 bloodthirst1 recovery1 pack_leader1 conduit2
65,arcanist/first/t3/pack/s9012/w1/L7,first,plain,9012,arcanist,1,0,3,pack,none,7,1,30.37,0,32.00,,58591,77,85,0.737,21.9,,0,from_the_ashes iron_vow,6 13 18 21 23 26 30 33 35 38 41 43 45 48 50 52 53 55 57 59 60 62 64 66 67 69 71 73 74 76 76 77,50 62 66 59 71 74 84 86 106 103 104 107 125 159 139 152 179 178 152 187 194 205 212 241 205 205 227 230 238 280 257 265,0.89 0.82 0.84 0.89 0.89 0.87 0.88 0.74 0.75 0.87 0.94 0.94 1.00 0.93 0.93 0.98 1.00 1.00 0.86 1.00 0.96 1.00 1.00 1.00 1.00 1.00 1.00 1.00 1.00 1.00 1.00 1.00,soul_siphon8 thunder_palm8 starseeker8 tempest_coil8 frostfire_comet8 deepwinter8 | from_the_ashes1 shatter1 overload1 deep_chill1 recovery4 chilling3 static_charge1 haste2 expanse2 kindling1 iron_vow1 precision2 warding1 pyre_burst1 emberseekers1
66,arcanist/first/t3/dead/s1096/w0/L7,first,plain,1096,arcanist,0,0,3,dead,none,7,0,,1,30.12,barrow_knight,23798,51,57,0.005,,0.961,3,iron_vow bloodthirst,6 9 11 14 16 18 20 21 23 25 27 28 30 32 33 35 36 38 39 40 42 43 44 45 46 47 48 49 51 51,44 53 68 60 101 94 108 111 114 130 150 147 173 160 195 154 198 185 225 229 217 227 236 291 277 237 321 333 287 248,1.00 1.00 0.96 0.85 0.96 0.96 0.95 0.95 0.98 0.94 0.24 0.01 0.94 0.99 0.99 0.84 0.98 0.91 0.89 0.97 0.29 0.24 0.96 0.91 0.91 0.95 1.00 0.89 0.78 0.92,starseeker8 dawnpulse8 pyre_of_faith8 living_flame8 cleaver8 graveedge8 | iron_vow1 consecration1 butchers_mark1 sanctify1 perennial2 serration1 kindling1 bloodthirst1 precision1 soul_harvest1 emberblood1
67,arcanist/first/t3/dead/s9015/w1/L7,first,plain,9015,arcanist,1,0,3,dead,none,7,1,31.71,0,32.00,,25344,53,59,0.854,102.7,,0,bloodthirst bloodthirst,4 8 10 13 15 16 17 20 22 24 26 27 29 30 33 34 36 37 38 40 41 43 44 45 47 47 49 50 51 52 53 53,44 51 68 81 82 94 110 110 126 140 123 152 170 170 127 198 167 159 169 188 234 224 204 214 197 250 261 240 295 241 44 294,1.00 1.00 1.00 0.96 0.91 0.90 0.90 0.94 0.94 0.94 0.85 0.94 0.88 0.93 0.88 0.89 0.93 0.93 0.88 0.92 0.92 0.86 0.92 0.91 0.92 0.91 0.87 0.89 0.91 0.87 0.90 0.88,living_flame8 tether_of_anguish8 verdant_lance8 eye_of_the_storm8 rimeshard8 thousand_cuts8 | bloodthirst2 pyre_burst1 storm_caller1 frostbite1 perennial1 grave_call2 conduit3 recovery1 serration1
68,arcanist/first/t3/lamplings/s1099/w0/L7,first,plain,1099,arcanist,0,0,3,lamplings,none,7,1,31.09,0,32.00,,41168,58,64,0.473,65.3,,0,iron_vow iron_vow,5 8 13 16 18 19 21 23 25 27 29 31 32 34 35 37 39 40 41 43 44 46 47 49 50 51 53 54 55 57 57 58,51 56 72 65 69 89 108 110 95 106 111 141 130 130 133 145 148 149 182 178 184 191 192 193 208 233 218 249 276 255 31 310,0.92 0.92 1.00 1.00 0.91 0.84 0.52 0.80 0.80 0.65 0.76 0.76 0.88 0.82 0.88 0.89 0.84 0.73 0.84 0.78 0.63 0.91 0.91 0.87 0.84 0.90 0.84 0.88 0.76 0.74 0.47 0.73,living_flame8 predators_volley8 rend_and_mend8 axe_gyre5 starfall8 iron_palms4 | iron_vow2 kindling1 duplicity2 emberseekers1 recovery3 deaths_due1 soul_harvest1 perennial1 precision2 grave_call1 greed1
69,arcanist/first/t3/lamplings/s9018/w1/L7,first,plain,9018,arcanist,1,0,3,lamplings,none,7,1,31.53,0,32.00,,41850,58,64,0.551,91.7,,0,iron_vow iron_vow,5 10 13 14 16 20 22 23 26 28 30 31 33 35 37 37 40 41 43 44 45 47 49 50 51 52 54 55 56 57 58 58,44 58 64 74 76 98 99 94 93 95 112 114 124 139 146 134 155 176 172 182 177 188 215 214 199 261 226 240 245 236 32 270,1.00 1.00 1.00 0.98 0.80 0.61 0.72 0.71 0.74 0.55 0.70 0.76 0.74 0.88 0.79 0.78 0.91 0.89 0.99 0.74 0.99 0.89 0.89 0.85 0.91 0.97 0.97 0.85 0.72 0.84 0.84 0.78,fallen_star8 ruin_bolt8 moonfall8 thunderclap8 blighted_earth8 powder_keg8 | iron_vow2 deaths_due1 storm_caller1 emberseekers1 kindling1 might2 expanse4 chilling2 soul_harvest1
70,arcanist/first/t3/kerchiefs/s1102/w0/L7,first,plain,1102,arcanist,0,0,3,kerchiefs,none,7,1,31.07,0,32.00,,38148,70,77,0.563,64.4,,0,grounding grounding,5 10 15 19 20 25 28 30 33 36 38 40 42 45 47 49 51 52 54 56 58 59 60 62 64 65 65 66 68 69 69 70,44 56 62 81 87 93 86 121 92 100 123 108 112 133 149 194 149 162 152 175 193 196 201 204 223 256 231 231 261 229 25 280,0.89 0.92 0.91 0.93 0.56 0.78 0.67 0.76 0.82 0.91 0.91 0.88 0.78 0.78 0.77 0.74 0.90 0.81 0.79 0.80 0.88 0.90 0.88 0.68 0.78 0.87 0.95 0.90 0.86 0.88 0.72 0.75,starseeker8 hailwheel8 bonesplitter8 skybreak8 deepwinter8 strangleroot8 | grounding2 frostbite1 grave_call1 storm_caller1 chilling2 precision1 blood_scent1 might1 static_charge1 warding2 haste1 shatter1
71,arcanist/first/t3/kerchiefs/s9021/w1/L7,first,plain,9021,arcanist,1,0,3,kerchiefs,none,7,0,,1,29.36,pillager,29728,66,73,0.003,,,3,from_the_ashes from_the_ashes,9 14 18 21 24 28 30 33 35 37 39 41 43 45 47 49 50 52 53 55 56 58 60 61 63 64 66 66 66,48 59 68 68 75 94 95 115 115 114 122 147 120 139 142 141 169 164 170 187 194 200 188 182 204 242 224 216 225,0.89 0.78 0.64 0.49 0.68 0.64 0.55 0.75 0.53 0.79 0.28 0.52 0.30 0.67 0.71 0.53 0.62 0.68 0.83 0.67 0.34 0.30 0.77 0.76 0.82 0.80 0.86 0.08 0.00,fallen_star8 harrowing8 mote_cascade8 oathkeeper8 sunbreak8 temple_breaker8 | from_the_ashes3 emberseekers1 sanctify1 grave_call2 expanse2 might4 searing1 ironhide2 evasion2 duplicity1 soul_harvest1
72,stalker/first/t1/pack/s1031/w0,first,plain,1031,stalker,0,0,1,pack,none,1,1,30.31,0,32.00,,35389,58,64,0.863,18.3,,0,grounding grounding,7 10 14 16 18 20 22 24 26 27 29 30 32 33 35 37 38 40 41 42 44 45 47 48 49 51 52 53 55 56 57 58,38 49 58 52 66 70 77 76 71 100 104 124 97 107 109 134 123 132 139 146 163 159 156 168 186 176 175 199 187 179 189 195,0.97 0.98 0.97 0.98 0.93 0.89 0.94 0.94 0.94 0.91 0.88 0.93 0.91 0.92 0.93 0.96 0.86 0.91 0.91 0.91 0.96 0.91 0.91 0.90 0.90 0.93 0.91 0.89 0.88 0.90 0.94 0.92,arrowfall8 verdant_lance8 tether_of_anguish8 pyre_of_faith8 frostfire_comet8 umbral_bolt3 | grounding3 fracture1 plague_bearer1 emberblood2 overload1 haste2 grave_call1 recovery2 velocity2
73,stalker/first/t1/pack/s8950/w1,first,plain,8950,stalker,1,0,1,pack,none,1,1,30.35,0,32.00,,47138,65,72,0.708,21.1,,0,from_the_ashes from_the_ashes,5 10 12 16 18 20 22 24 26 27 30 31 32 35 37 39 41 42 45 46 48 50 52 54 55 57 58 60 61 63 64 65,37 46 51 48 58 78 70 75 75 81 92 102 110 119 132 144 144 143 155 165 163 205 206 203 199 192 187 199 208 225 216 238,0.91 0.90 0.97 0.91 0.92 1.00 0.96 0.91 0.91 0.84 0.77 0.86 0.79 0.71 0.89 0.94 0.88 0.89 0.94 0.94 0.88 0.86 0.81 0.86 0.93 0.85 0.86 0.92 0.85 0.85 0.92 0.84,hailwheel8 wildfire8 living_flame8 thunder_palm8 hail_of_steel8 thunderhead1 | from_the_ashes2 blood_scent1 pyre_burst1 kindling1 chilling2 dark_bargain1 emberblood2 duplicity1 fracture1 conduit1 fleetfoot1 frostbite1 velocity2
74,stalker/first/t1/dead/s1034/w0,first,plain,1034,stalker,0,0,1,dead,none,1,1,30.38,0,32.00,,21509,33,38,0.305,22.9,,3,grounding grounding,5 7 9 10 11 13 14 15 17 18 19 21 22 23 25 26 28 28 29 29 29 29 29 29 29 29 29 29 31 31 33 33,47 47 49 56 63 76 87 94 103 109 128 115 121 133 149 152 160 181 177 179 193 191 163 211 224 233 241 241 242 261 280 259,1.00 1.00 1.00 0.97 0.97 0.97 0.96 0.95 0.98 0.95 0.96 0.96 0.92 0.96 0.96 0.94 0.92 0.96 0.69 0.74 0.31 0.55 0.84 0.55 0.52 0.31 0.65 0.54 0.54 0.72 0.30 0.80,volley4 verdant_lance7 deepwinter8 knifestorm7 gale_chakram3 cinderfall6 | grounding2 contagion1 duplicity1 emberseekers1 grave_call2 haste1
75,stalker/first/t1/dead/s8953/w1,first,plain,8953,stalker,1,0,1,dead,none,1,1,31.54,0,32.00,,20301,42,47,0.783,92.6,,0,bloodthirst iron_vow,3 6 7 8 9 11 12 13 16 17 18 19 21 22 22 24 26 26 27 28 30 31 32 34 34 36 37 38 40 40 41 42,35 38 48 55 65 89 75 92 99 103 119 123 133 135 144 153 163 162 208 194 196 207 182 197 231 242 251 207 224 222 38 226,1.00 1.00 1.00 0.97 0.97 0.96 0.97 0.96 0.92 0.95 0.78 0.95 0.95 0.93 0.90 0.96 0.99 1.00 1.00 1.00 1.00 1.00 0.96 0.98 0.98 1.00 0.98 1.00 1.00 1.00 0.90 0.95,knifestorm7 thornbloom7 cleaver6 great_herd8 deepwinter8 soul_siphon8 | bloodthirst2 shatter1 blood_scent1 iron_vow1 warding1 haste1 frostbite1 recovery1 perennial1
76,stalker/first/t1/lamplings/s1037/w0,first,plain,1037,stalker,0,0,1,lamplings,none,1,1,30.49,0,32.00,,35554,48,54,0.538,29.4,,0,iron_vow iron_vow,5 8 10 12 13 14 16 18 19 20 22 23 24 25 27 28 29 31 32 33 35 36 37 39 40 41 43 44 45 46 47 48,40 51 51 61 70 60 76 87 104 87 119 105 110 114 118 121 145 131 152 162 164 195 165 178 188 194 188 235 210 219 216 222,1.00 1.00 1.00 1.00 0.89 0.86 0.86 0.93 0.98 0.80 0.84 0.92 0.61 0.87 0.65 0.67 0.78 0.68 0.81 0.81 0.77 0.73 0.65 0.65 0.55 0.54 0.76 0.75 0.88 0.74 0.63 0.84,volley8 razorgale8 thousand_cuts8 powder_keg8 judgement_disc5 pyre_of_faith8 | iron_vow2 pyre_burst1 grave_call1 emberseekers1 searing2 chilling1 dark_bargain1 serration1 might2 deep_chill1
77,stalker/first/t1/lamplings/s8956/w1,first,plain,8956,stalker,1,0,1,lamplings,none,1,1,30.38,0,32.00,,36499,47,53,0.703,22.6,,0,iron_vow bloodthirst,5 9 11 13 14 16 17 19 21 22 23 25 26 27 28 30 31 32 33 35 36 37 38 39 40 41 42 43 44 45 46 47,38 48 55 69 66 74 70 77 86 82 99 101 99 103 102 122 116 141 126 135 153 147 157 167 167 169 176 219 209 180 226 209,0.97 1.00 1.00 1.00 0.99 1.00 0.86 0.85 0.93 0.86 0.92 0.94 0.92 0.83 0.84 0.93 0.90 0.91 0.89 0.91 0.81 0.87 0.88 0.88 0.83 0.89 0.86 0.70 0.81 0.78 0.76 0.84,steel_flurry8 reavers_wheel8 reaving_arc7 strangleroot8 thunderhead6 graveedge8 | iron_vow2 grave_call1 searing2 soul_harvest1 fleetfoot2 bloodthirst1 chilling3 serration2 sanctify1 dread_command1
78,stalker/first/t1/kerchiefs/s1040/w0,first,plain,1040,stalker,0,0,1,kerchiefs,none,1,1,30.66,0,32.00,,29328,58,64,0.077,39.8,,1,from_the_ashes from_the_ashes,7 10 13 15 18 19 20 22 25 26 28 29 31 33 34 36 37 39 41 42 44 45 47 48 49 51 52 54 55 56 57 58,38 40 50 53 73 78 87 99 104 92 118 126 125 146 157 147 124 145 144 172 158 151 158 185 167 170 172 196 245 240 215 227,0.81 0.95 0.95 0.89 0.80 0.69 0.62 0.80 0.78 0.67 0.59 0.73 0.84 0.82 0.68 0.81 0.79 0.76 0.84 0.57 0.08 0.84 0.86 0.73 0.85 0.70 0.59 0.86 0.85 0.73 0.59 0.80,arrowfall8 bonesplitter8 tempest_coil8 everbloom8 wild_hunt8 pyre_of_faith8 | from_the_ashes2 pack_leader1 sanctify1 blood_scent1 searing1 might1 consecration1 fleetfoot2 velocity1 storm_caller1 expanse1 venom1
79,stalker/first/t1/kerchiefs/s8959/w1,first,plain,8959,stalker,1,0,1,kerchiefs,none,1,1,30.73,0,32.00,,27138,57,63,0.806,44.0,,0,bloodthirst bloodthirst,5 8 12 14 17 19 21 23 24 27 28 31 32 33 35 37 39 40 41 43 44 45 46 48 49 50 51 53 54 55 56 57,39 38 56 58 71 75 78 91 95 89 96 110 124 134 125 150 141 163 130 163 153 153 168 191 157 173 204 247 205 198 211 221,0.95 1.00 0.95 0.94 0.93 0.90 0.93 0.94 0.90 0.90 0.81 0.92 0.92 0.91 0.89 0.90 0.90 0.91 0.90 0.89 0.89 0.89 0.89 0.89 0.88 0.88 0.88 0.87 0.86 0.87 0.86 0.85,deathcoil8 graveedge8 iron_palms5 wild_hunt8 hail_of_steel8 gale_chakram5 | bloodthirst3 butchers_mark1 blood_scent1 soul_harvest1 fleetfoot1 precision1 chilling3 duplicity2 shatter1 serration2
80,stalker/first/t2/pack/s1062/w0/L4,first,plain,1062,stalker,0,0,2,pack,none,4,1,30.47,0,32.00,,29800,58,64,0.443,28.5,,0,iron_vow iron_vow,7 11 14 17 19 21 24 26 27 29 31 33 35 36 38 39 41 42 43 44 46 47 48 49 51 51 53 54 55 56 56 58,40 56 64 63 65 86 98 99 111 84 97 129 139 118 124 135 147 145 159 156 154 226 172 168 189 208 201 229 236 224 288 254,0.92 0.85 0.81 0.82 0.74 0.58 0.44 0.71 0.60 0.81 0.65 0.83 0.67 0.68 0.71 0.60 0.72 0.66 0.63 0.80 0.65 0.70 0.84 0.87 0.88 0.74 0.87 0.88 0.91 0.88 0.83 0.76,arrowfall8 absolute_zero8 bone_knights8 reavers_wheel8 sanctified_earth8 umbral_bolt8 | iron_vow2 soul_harvest1 consecration1 serration2 grave_call1 pack_leader1 chilling3 warding1 vitality2 deep_chill1 velocity2
81,stalker/first/t2/pack/s8981/w1/L4,first,plain,8981,stalker,1,0,2,pack,none,4,1,31.18,0,32.00,,37184,61,68,0.637,71.0,,0,bloodthirst bloodthirst,6 10 14 16 18 20 22 25 26 27 31 33 34 36 38 39 41 42 44 46 47 49 49 52 52 54 56 57 58 60 60 61,42 54 65 68 68 87 106 76 91 89 99 122 104 123 140 156 139 142 139 164 160 190 186 193 177 190 192 213 195 211 30 232,0.96 0.97 0.96 0.94 1.00 0.90 0.90 0.89 0.89 0.89 0.89 0.86 0.89 0.95 0.94 0.94 0.94 0.87 0.89 0.94 0.94 0.93 0.93 0.93 0.92 0.93 0.93 0.92 0.92 1.00 0.92 0.64,steel_flurry8 mote_cascade8 skybreak8 ruin_bolt8 butchers_wheel8 spirit_herd4 | bloodthirst2 static_charge1 blood_scent1 grave_call2 might1 soul_harvest1 duplicity2 fleetfoot3 chilling1 pack_leader1 ferocity2 conduit1
82,stalker/first/t2/dead/s1065/w0/L4,first,plain,1065,stalker,0,0,2,dead,none,4,1,31.27,0,32.00,,20407,44,49,0.643,75.9,,0,iron_vow grounding,4 7 9 11 13 14 15 16 17 18 20 20 22 23 24 25 26 28 29 30 31 33 34 35 36 38 39 41 41 43 43 44,42 54 60 61 75 87 105 102 110 125 137 145 149 165 159 185 179 186 194 246 223 233 245 210 211 260 259 247 295 285 59 315,1.00 1.00 1.00 1.00 1.00 1.00 1.00 1.00 0.98 0.83 0.91 0.64 0.92 0.91 1.00 1.00 1.00 1.00 1.00 1.00 1.00 1.00 1.00 1.00 1.00 1.00 0.93 1.00 1.00 0.99 1.00 1.00,volley6 grave_tether6 moonbrand7 starseeker8 winter_ward8 everbloom8 | iron_vow2 grave_call3 warding1 grounding1 thorns1 precision1
83,stalker/first/t2/dead/s8984/w1/L4,first,plain,8984,stalker,1,0,2,dead,none,4,0,,0,32.00,,18455,42,47,0.414,,,0,from_the_ashes from_the_ashes,4 6 8 9 11 13 13 15 16 17 18 18 21 22 23 25 26 27 29 29 32 32 33 35 36 37 38 39 40 40 42 42,37 48 56 66 79 83 95 101 118 121 130 129 149 157 167 180 189 201 198 216 212 239 231 254 252 270 280 281 293 229 73 73,1.00 1.00 1.00 0.96 0.96 0.89 0.96 0.93 0.91 0.94 0.82 0.77 0.75 0.89 0.94 0.90 0.85 0.89 0.87 0.88 0.82 1.00 0.93 0.80 0.87 0.73 0.79 0.69 0.42 0.41 0.72 0.84,knifestorm7 verdant_lance4 temple_breaker8 judgement_disc7 whirlwind8 spirit_herd7 | from_the_ashes3 plague_bearer1 contagion1 evasion1 ferocity2 butchers_mark1 chilling1 precision1
84,stalker/first/t2/lamplings/s1068/w0/L4,first,plain,1068,stalker,0,0,2,lamplings,none,4,1,30.56,0,32.00,,33703,48,54,0.776,33.7,,0,bloodthirst grounding,5 9 11 13 15 16 18 19 21 23 24 25 26 28 29 30 32 33 34 35 37 38 39 40 41 42 44 44 46 47 47 48,41 50 55 74 73 87 98 106 94 94 125 115 120 135 126 136 160 142 149 142 153 168 190 176 193 183 202 221 203 218 255 228,0.96 0.96 0.95 0.95 0.81 0.92 0.84 0.88 0.89 0.87 0.91 0.84 0.87 0.78 0.89 0.87 0.85 0.88 0.91 0.85 0.87 0.90 0.86 0.84 0.89 0.82 0.87 0.83 0.89 0.82 0.80 0.81,deathcoil8 mote_cascade8 hoarfrost8 thunderhead5 hail_of_steel8 cleaver3 | bloodthirst2 deep_chill1 blood_scent1 frostbite1 grounding1 precision1 static_charge1 duplicity2 serration2
85,stalker/first/t2/lamplings/s8987/w1/L4,first,plain,8987,stalker,1,0,2,lamplings,none,4,1,30.47,0,32.00,,47859,58,64,0.702,28.4,,0,bloodthirst bloodthirst,6 10 12 14 17 19 20 23 25 26 28 30 32 33 35 37 38 39 41 43 44 45 47 48 50 51 52 53 54 56 56 58,44 57 66 58 75 86 87 110 110 116 114 141 151 163 162 174 207 187 169 179 225 200 209 226 246 227 285 250 261 252 257 294,0.94 0.96 0.95 0.95 0.84 0.89 0.79 0.84 0.88 0.84 0.84 0.84 0.83 0.95 0.95 0.89 0.90 0.95 0.88 0.86 0.87 0.96 0.85 0.97 0.95 0.90 0.88 0.88 0.87 0.93 0.70 0.80,thousand_cuts8 graveedge8 winter_ward8 bonesplitter8 great_herd8 lunar_brand8 | bloodthirst2 dark_bargain2 deaths_due1 warding1 pack_leader1 might2 serration1 perennial2 shatter1 fortune1
86,stalker/first/t2/kerchiefs/s1071/w0/L4,first,plain,1071,stalker,0,0,2,kerchiefs,none,4,1,30.60,0,32.00,,31562,62,69,0.660,35.9,,0,iron_vow bloodthirst,6 11 13 18 20 23 26 27 30 32 33 36 38 39 39 41 43 44 46 47 49 50 51 52 54 56 57 58 60 61 61 62,38 48 68 78 86 94 112 112 95 107 139 147 162 183 135 177 173 165 193 201 241 187 258 191 227 213 277 236 236 231 250 252,1.00 1.00 1.00 0.74 0.91 0.94 0.79 0.94 0.92 0.67 0.84 0.91 0.87 0.93 0.66 0.86 0.75 0.84 0.91 0.92 0.90 0.90 1.00 0.93 0.97 0.89 0.90 0.81 0.88 0.88 0.87 0.87,arrowfall8 eye_of_the_storm8 rend_and_mend8 wild_hunt8 ruin_bolt8 grave_tether8 | iron_vow1 dread_command2 searing2 dark_bargain1 pack_leader1 conduit3 vitality1 bloodthirst1 soul_harvest1 fleetfoot1 might2 velocity1 storm_caller1
87,stalker/first/t2/kerchiefs/s8990/w1/L4,first,plain,8990,stalker,1,0,2,kerchiefs,none,4,1,30.80,0,32.00,,30001,61,68,0.749,47.8,,0,bloodthirst bloodthirst,7 11 14 16 20 22 24 26 29 30 31 31 32 34 37 38 41 43 45 46 47 49 51 52 53 55 56 58 59 60 61 61,41 53 63 67 75 85 91 101 93 109 134 112 142 130 133 131 186 138 143 153 206 192 170 200 187 184 187 232 206 228 220 249,0.96 1.00 1.00 0.93 0.90 0.92 0.92 0.83 0.88 0.91 0.90 0.91 0.91 0.86 0.88 0.88 0.90 0.86 0.85 0.89 0.89 0.84 0.88 0.88 0.88 0.81 0.80 0.87 0.86 0.87 0.86 0.75,reckoning8 iron_palms5 soul_lantern8 sunbreak8 hail_of_steel8 arcweb2 | bloodthirst2 butchers_mark1 blood_scent1 grave_call2 wisdom1 precision1 pack_leader1 might1 dread_command1 fleetfoot1
88,stalker/first/t3/pack/s1093/w0/L7,first,plain,1093,stalker,0,0,3,pack,none,7,1,30.31,0,32.00,,41695,68,75,0.301,18.5,,1,grounding grounding,8 11 14 15 18 21 24 26 30 31 35 37 38 40 43 44 44 47 48 50 51 53 55 56 58 60 61 63 64 66 67 68,54 61 66 80 108 111 93 112 99 141 125 118 144 154 181 152 181 195 185 181 200 216 203 226 229 242 267 229 249 231 271 288,0.96 0.97 1.00 0.96 0.92 0.75 0.73 0.46 0.38 0.30 0.55 0.90 0.90 0.84 0.90 0.89 0.88 0.91 0.90 0.84 0.83 0.90 0.85 0.89 0.90 0.89 0.89 0.88 0.88 0.88 0.94 0.88,predators_volley8 mote_cascade8 blighted_earth8 barrow_legion8 soul_lantern8 umbral_bolt7 | grounding2 plague_bearer1 dread_command1 dark_bargain1 duplicity2 grave_call3 kinship1 precision3 recovery1 venom1
89,stalker/first/t3/pack/s9012/w1/L7,first,plain,9012,stalker,1,0,3,pack,none,7,0,,1,7.39,wolf,3829,28,31,0.059,,,3,from_the_ashes,4 10 15 19 22 24 27,49 59 61 78 85 77 104,0.94 0.43 0.43 0.29 0.10 0.29 0.06,knifestorm6 moonbrand2 pyre_of_faith8 cinderfall6 oathblade7 iron_palms3 | from_the_ashes1 consecration1 kindling1 deaths_due1 searing1 ironhide1
90,stalker/first/t3/dead/s1096/w0/L7,first,plain,1096,stalker,0,0,3,dead,none,7,0,,0,32.00,,19811,46,52,0.054,,,3,iron_vow from_the_ashes,4 5 7 8 11 13 13 16 17 19 20 21 23 24 26 27 28 29 31 32 33 35 36 37 38 40 41 43 44 45 46 46,52 53 60 77 82 91 110 116 127 135 145 160 146 176 186 198 197 218 222 244 248 232 265 271 290 252 285 271 288 258 54 44,0.99 1.00 1.00 0.90 0.93 1.00 1.00 1.00 0.95 0.81 0.98 0.84 0.57 0.77 0.94 0.94 0.82 0.91 0.56 0.86 0.96 0.93 0.82 0.27 0.85 0.85 0.86 0.97 0.89 0.58 0.05 0.95,volley8 pyre_of_faith8 moonfall8 blighted_earth8 judgement_disc7 dawnpulse7 | iron_vow1 grave_call1 chilling2 sanctify1 consecration1 from_the_ashes1 pack_leader1 searing1 greed1 deep_chill1
91,stalker/first/t3/dead/s9015/w1/L7,first,plain,9015,stalker,1,0,3,dead,none,7,1,30.54,0,32.00,,21579,44,49,0.829,32.6,,0,bloodthirst bloodthirst,3 7 8 10 11 13 14 16 16 18 19 20 21 23 25 26 26 27 29 31 32 34 36 37 37 38 39 41 42 44 44 44,45 54 64 68 88 94 103 108 124 128 145 151 170 174 186 193 209 232 214 216 172 264 276 237 218 227 301 222 224 229 274 256,0.96 1.00 1.00 0.95 0.95 0.93 0.88 0.95 1.00 0.95 0.95 0.95 0.87 0.83 0.95 0.88 0.90 0.86 0.90 0.90 0.89 0.94 0.88 1.00 0.90 0.91 0.93 0.93 0.93 0.90 0.92 0.92,thousand_cuts8 razorgale8 moonbrand4 bone_knights8 wildfire8 great_herd8 | bloodthirst2 blood_scent1 chilling2 deaths_due1 frostbite1 vitality1 perennial2 pyre_burst1 serration1
92,stalker/first/t3/lamplings/s1099/w0/L7,first,plain,1099,stalker,0,0,3,lamplings,none,7,1,30.99,0,32.00,,30661,49,55,0.697,59.5,,0,iron_vow iron_vow,5 8 10 12 14 17 18 20 22 23 25 26 27 29 30 31 33 34 35 37 38 39 40 41 42 43 44 45 46 48 48 49,47 61 67 74 79 95 85 116 113 134 153 158 146 141 158 197 184 182 163 163 218 181 187 240 242 222 230 240 228 258 85 255,1.00 1.00 1.00 1.00 0.91 0.84 0.86 0.84 0.82 0.85 0.89 0.91 0.89 0.73 0.70 0.87 0.86 0.97 0.90 0.82 0.89 0.87 0.87 0.74 0.82 0.86 0.88 0.88 0.83 0.86 0.90 0.77,volley8 reavers_wheel8 tether_of_anguish8 seeking_motes6 razorgale8 strangleroot8 | iron_vow2 grave_call2 recovery4 soul_harvest1 pack_leader1 chilling1 serration1 frostbite1
93,stalker/first/t3/lamplings/s9018/w1/L7,first,plain,9018,stalker,1,0,3,lamplings,none,7,1,31.46,0,32.00,,33459,50,56,0.674,87.4,,0,iron_vow bloodthirst,4 9 10 11 13 16 17 20 22 23 25 26 27 30 31 32 34 35 36 37 39 40 41 42 43 45 46 47 48 49 50 50,46 57 68 77 87 97 104 108 128 128 128 156 139 162 140 140 153 177 162 173 190 177 193 222 233 235 221 247 233 259 30 286,1.00 1.00 0.90 0.90 0.90 0.87 0.84 0.76 0.86 0.91 0.85 0.87 0.86 0.74 0.67 0.74 0.79 0.86 0.82 0.88 0.87 0.87 0.87 0.82 0.79 0.86 0.94 0.80 0.86 0.86 0.80 0.87,knifestorm7 blightfield8 reckoning8 starseeker8 rend_and_mend8 everbloom8 | iron_vow1 soul_harvest1 contagion1 grave_call1 thorns2 bloodthirst1 blood_scent1 recovery1 precision1 pack_leader1 venom1
94,stalker/first/t3/kerchiefs/s1102/w0/L7,first,plain,1102,stalker,0,0,3,kerchiefs,none,7,1,31.06,0,32.00,,32397,64,71,0.494,63.9,,0,grounding iron_vow,5 10 15 16 20 21 26 28 31 33 35 37 39 41 42 43 44 47 48 50 51 51 53 54 56 57 59 60 62 63 63 64,48 58 68 75 91 98 110 103 101 106 122 114 119 126 131 156 148 152 154 176 194 189 197 230 198 227 234 248 238 261 29 257,0.91 0.91 0.74 0.70 0.81 0.76 0.53 0.91 0.82 0.59 0.84 0.71 0.79 0.83 0.84 0.49 0.86 0.78 0.91 0.98 0.89 0.80 0.91 0.82 0.90 0.80 0.88 0.82 0.75 0.89 0.88 0.78,predators_volley8 starseeker8 hailwheel8 soul_siphon8 verdant_lance8 strangleroot8 | grounding1 contagion1 plague_bearer1 grave_call1 chilling2 precision3 pack_leader1 recovery1 iron_vow1 dread_command1 deep_chill1 venom1
95,stalker/first/t3/kerchiefs/s9021/w1/L7,first,plain,9021,stalker,1,0,3,kerchiefs,none,7,1,31.53,0,32.00,,39699,70,77,0.382,91.7,,0,from_the_ashes from_the_ashes,4 9 13 16 20 23 27 28 32 35 36 39 41 42 46 47 49 51 53 55 57 58 60 61 63 64 66 67 68 69 69 70,48 52 64 75 82 110 123 94 104 112 145 128 129 162 170 153 173 172 206 200 195 216 228 231 279 234 255 261 254 262 19 279,0.90 0.86 0.86 0.61 0.76 0.84 0.46 0.71 0.67 0.64 0.46 0.77 0.89 0.66 0.71 0.77 0.73 0.71 0.76 0.99 0.38 0.76 0.84 0.81 0.71 0.52 0.63 0.41 0.57 0.82 0.60 0.77,reckoning8 razorgale8 living_flame8 wildfire8 hail_of_steel8 cleaver5 | from_the_ashes2 blood_scent1 pyre_burst1 duplicity1 dark_bargain1 kindling1 serration2 perennial2 dread_command1 fortune2 warding1 velocity1 pack_leader1
